{"level":"info","message":"Request received: Get details for order #ORD-306579 by user 696c9df0edd52a597164052c","timestamp":"2026-02-27T13:26:44.008Z"}
{"level":"info","message":"Successfully fetched details for order #ORD-306579 by user 696c9df0edd52a597164052c","timestamp":"2026-02-27T13:26:44.097Z"}
{"level":"info","message":"Request received: Get orders for user 696c9df0edd52a597164052c","timestamp":"2026-02-27T13:27:46.404Z"}
{"level":"info","message":"Fetched 17 orders for user 696c9df0edd52a597164052c","timestamp":"2026-02-27T13:27:46.494Z"}
{"level":"error","message":"Admin access required.","stack":"Error: Admin access required.\n    at verifyAdminToken (file:///C:/Users/aswat/OneDrive/Documents/BinIt%20Project/binit-project/backend/src/middlewares/admin/authenticate-admin.js:12:11)\n    at Layer.handleRequest (C:\\Users\\aswat\\OneDrive\\Documents\\BinIt Project\\binit-project\\backend\\node_modules\\router\\lib\\layer.js:152:17)\n    at trimPrefix (C:\\Users\\aswat\\OneDrive\\Documents\\BinIt Project\\binit-project\\backend\\node_modules\\router\\index.js:342:13)\n    at C:\\Users\\aswat\\OneDrive\\Documents\\BinIt Project\\binit-project\\backend\\node_modules\\router\\index.js:297:9\n    at processParams (C:\\Users\\aswat\\OneDrive\\Documents\\BinIt Project\\binit-project\\backend\\node_modules\\router\\index.js:582:12)\n    at next (C:\\Users\\aswat\\OneDrive\\Documents\\BinIt Project\\binit-project\\backend\\node_modules\\router\\index.js:291:5)\n    at Function.handle (C:\\Users\\aswat\\OneDrive\\Documents\\BinIt Project\\binit-project\\backend\\node_modules\\router\\index.js:186:3)\n    at router (C:\\Users\\aswat\\OneDrive\\Documents\\BinIt Project\\binit-project\\backend\\node_modules\\router\\index.js:60:12)\n    at Layer.handleRequest (C:\\Users\\aswat\\OneDrive\\Documents\\BinIt Project\\binit-project\\backend\\node_modules\\router\\lib\\layer.js:152:17)\n    at trimPrefix (C:\\Users\\aswat\\OneDrive\\Documents\\BinIt Project\\binit-project\\backend\\node_modules\\router\\index.js:342:13)","timestamp":"2026-02-27T13:29:01.220Z"}
{"level":"info","message":"Admin request received: Get details for order 69a1234c1664c248d258b7d4","timestamp":"2026-02-27T13:29:01.521Z"}
{"level":"info","message":"Successfully fetched details for order 69a1234c1664c248d258b7d4 by Admin","timestamp":"2026-02-27T13:29:01.602Z"}
{"level":"info","message":"Fetched admin pickups successfully. Page: 1","timestamp":"2026-02-27T13:29:09.908Z"}
{"level":"info","message":"Fetched admin orders successfully. Page: 1","timestamp":"2026-02-27T13:29:11.321Z"}
{"level":"info","message":"Fetched admin pickups successfully. Page: 1","timestamp":"2026-02-27T13:29:14.726Z"}
{"level":"info","message":"Fetched admin orders successfully. Page: 1","timestamp":"2026-02-27T13:29:27.111Z"}
{"level":"info","message":"Fetched admin pickups successfully. Page: 1","timestamp":"2026-02-27T13:29:28.855Z"}
{"level":"info","message":"Fetched admin orders successfully. Page: 1","timestamp":"2026-02-27T13:29:48.464Z"}
{"level":"info","message":"Admin request received: Get details for order 69a196f571575b81400ee7ee","timestamp":"2026-02-27T13:31:56.579Z"}
{"level":"info","message":"Successfully fetched details for order 69a196f571575b81400ee7ee by Admin","timestamp":"2026-02-27T13:31:56.664Z"}
{"level":"info","message":"Fetched admin orders successfully. Page: 1","timestamp":"2026-02-27T13:32:02.983Z"}
{"level":"error","message":"jwt expired","stack":"TokenExpiredError: jwt expired\n    at C:\\Users\\aswat\\OneDrive\\Documents\\BinIt Project\\binit-project\\backend\\node_modules\\jsonwebtoken\\verify.js:190:21\n    at getSecret (C:\\Users\\aswat\\OneDrive\\Documents\\BinIt Project\\binit-project\\backend\\node_modules\\jsonwebtoken\\verify.js:97:14)\n    at module.exports [as verify] (C:\\Users\\aswat\\OneDrive\\Documents\\BinIt Project\\binit-project\\backend\\node_modules\\jsonwebtoken\\verify.js:101:10)\n    at verifyAccessToken (file:///C:/Users/aswat/OneDrive/Documents/BinIt%20Project/binit-project/backend/src/utils/jwt.js:55:16)\n    at authenticateUser (file:///C:/Users/aswat/OneDrive/Documents/BinIt%20Project/binit-project/backend/src/middlewares/user/authenticate-user.js:16:24)\n    at Layer.handleRequest (C:\\Users\\aswat\\OneDrive\\Documents\\BinIt Project\\binit-project\\backend\\node_modules\\router\\lib\\layer.js:152:17)\n    at trimPrefix (C:\\Users\\aswat\\OneDrive\\Documents\\BinIt Project\\binit-project\\backend\\node_modules\\router\\index.js:342:13)\n    at C:\\Users\\aswat\\OneDrive\\Documents\\BinIt Project\\binit-project\\backend\\node_modules\\router\\index.js:297:9\n    at processParams (C:\\Users\\aswat\\OneDrive\\Documents\\BinIt Project\\binit-project\\backend\\node_modules\\router\\index.js:582:12)\n    at next (C:\\Users\\aswat\\OneDrive\\Documents\\BinIt Project\\binit-project\\backend\\node_modules\\router\\index.js:291:5)","timestamp":"2026-02-27T13:32:06.112Z"}
{"level":"info","message":"Request received: Get orders for user 696c9df0edd52a597164052c","timestamp":"2026-02-27T13:32:06.352Z"}
{"level":"info","message":"Fetched 17 orders for user 696c9df0edd52a597164052c","timestamp":"2026-02-27T13:32:06.452Z"}
{"level":"info","message":"Request received: Get orders for user 696c9df0edd52a597164052c","timestamp":"2026-02-27T13:34:41.293Z"}
{"level":"info","message":"Fetched 17 orders for user 696c9df0edd52a597164052c","timestamp":"2026-02-27T13:34:41.396Z"}
{"level":"error","message":"Admin access required.","stack":"Error: Admin access required.\n    at verifyAdminToken (file:///C:/Users/aswat/OneDrive/Documents/BinIt%20Project/binit-project/backend/src/middlewares/admin/authenticate-admin.js:12:11)\n    at Layer.handleRequest (C:\\Users\\aswat\\OneDrive\\Documents\\BinIt Project\\binit-project\\backend\\node_modules\\router\\lib\\layer.js:152:17)\n    at trimPrefix (C:\\Users\\aswat\\OneDrive\\Documents\\BinIt Project\\binit-project\\backend\\node_modules\\router\\index.js:342:13)\n    at C:\\Users\\aswat\\OneDrive\\Documents\\BinIt Project\\binit-project\\backend\\node_modules\\router\\index.js:297:9\n    at processParams (C:\\Users\\aswat\\OneDrive\\Documents\\BinIt Project\\binit-project\\backend\\node_modules\\router\\index.js:582:12)\n    at next (C:\\Users\\aswat\\OneDrive\\Documents\\BinIt Project\\binit-project\\backend\\node_modules\\router\\index.js:291:5)\n    at Function.handle (C:\\Users\\aswat\\OneDrive\\Documents\\BinIt Project\\binit-project\\backend\\node_modules\\router\\index.js:186:3)\n    at router (C:\\Users\\aswat\\OneDrive\\Documents\\BinIt Project\\binit-project\\backend\\node_modules\\router\\index.js:60:12)\n    at Layer.handleRequest (C:\\Users\\aswat\\OneDrive\\Documents\\BinIt Project\\binit-project\\backend\\node_modules\\router\\lib\\layer.js:152:17)\n    at trimPrefix (C:\\Users\\aswat\\OneDrive\\Documents\\BinIt Project\\binit-project\\backend\\node_modules\\router\\index.js:342:13)","timestamp":"2026-02-27T16:17:48.723Z"}
{"level":"info","message":"Fetched admin orders successfully. Page: 1","timestamp":"2026-02-27T16:17:50.854Z"}
{"level":"error","message":"jwt expired","stack":"TokenExpiredError: jwt expired\n    at C:\\Users\\aswat\\OneDrive\\Documents\\BinIt Project\\binit-project\\backend\\node_modules\\jsonwebtoken\\verify.js:190:21\n    at getSecret (C:\\Users\\aswat\\OneDrive\\Documents\\BinIt Project\\binit-project\\backend\\node_modules\\jsonwebtoken\\verify.js:97:14)\n    at module.exports [as verify] (C:\\Users\\aswat\\OneDrive\\Documents\\BinIt Project\\binit-project\\backend\\node_modules\\jsonwebtoken\\verify.js:101:10)\n    at verifyAccessToken (file:///C:/Users/aswat/OneDrive/Documents/BinIt%20Project/binit-project/backend/src/utils/jwt.js:55:16)\n    at authenticateUser (file:///C:/Users/aswat/OneDrive/Documents/BinIt%20Project/binit-project/backend/src/middlewares/user/authenticate-user.js:16:24)\n    at Layer.handleRequest (C:\\Users\\aswat\\OneDrive\\Documents\\BinIt Project\\binit-project\\backend\\node_modules\\router\\lib\\layer.js:152:17)\n    at trimPrefix (C:\\Users\\aswat\\OneDrive\\Documents\\BinIt Project\\binit-project\\backend\\node_modules\\router\\index.js:342:13)\n    at C:\\Users\\aswat\\OneDrive\\Documents\\BinIt Project\\binit-project\\backend\\node_modules\\router\\index.js:297:9\n    at processParams (C:\\Users\\aswat\\OneDrive\\Documents\\BinIt Project\\binit-project\\backend\\node_modules\\router\\index.js:582:12)\n    at next (C:\\Users\\aswat\\OneDrive\\Documents\\BinIt Project\\binit-project\\backend\\node_modules\\router\\index.js:291:5)","timestamp":"2026-02-27T16:18:25.021Z"}
{"level":"info","message":"Fetched admin orders successfully. Page: 1","timestamp":"2026-02-27T16:18:28.526Z"}
{"level":"info","message":"Fetched admin orders successfully. Page: 1","timestamp":"2026-02-27T16:19:05.483Z"}
{"level":"info","message":"Connected to Redis successfully","timestamp":"2026-02-28T03:40:27.673Z"}
{"level":"info","message":"MongoDB connected successfully","timestamp":"2026-02-28T03:40:28.451Z"}
{"level":"error","message":"Invalid email or password","stack":"Error: Invalid email or password\n    at loginUser (file:///C:/Users/aswat/OneDrive/Documents/BinIt%20Project/binit-project/backend/src/services/user/auth/authService.js:59:11)\n    at async loginUserController (file:///C:/Users/aswat/OneDrive/Documents/BinIt%20Project/binit-project/backend/src/controllers/user/authController.js:24:44)","timestamp":"2026-02-28T03:43:10.047Z"}
{"level":"error","message":"Admin access required.","stack":"Error: Admin access required.\n    at verifyAdminToken (file:///C:/Users/aswat/OneDrive/Documents/BinIt%20Project/binit-project/backend/src/middlewares/admin/authenticate-admin.js:12:11)\n    at Layer.handleRequest (C:\\Users\\aswat\\OneDrive\\Documents\\BinIt Project\\binit-project\\backend\\node_modules\\router\\lib\\layer.js:152:17)\n    at trimPrefix (C:\\Users\\aswat\\OneDrive\\Documents\\BinIt Project\\binit-project\\backend\\node_modules\\router\\index.js:342:13)\n    at C:\\Users\\aswat\\OneDrive\\Documents\\BinIt Project\\binit-project\\backend\\node_modules\\router\\index.js:297:9\n    at processParams (C:\\Users\\aswat\\OneDrive\\Documents\\BinIt Project\\binit-project\\backend\\node_modules\\router\\index.js:582:12)\n    at next (C:\\Users\\aswat\\OneDrive\\Documents\\BinIt Project\\binit-project\\backend\\node_modules\\router\\index.js:291:5)\n    at Function.handle (C:\\Users\\aswat\\OneDrive\\Documents\\BinIt Project\\binit-project\\backend\\node_modules\\router\\index.js:186:3)\n    at router (C:\\Users\\aswat\\OneDrive\\Documents\\BinIt Project\\binit-project\\backend\\node_modules\\router\\index.js:60:12)\n    at Layer.handleRequest (C:\\Users\\aswat\\OneDrive\\Documents\\BinIt Project\\binit-project\\backend\\node_modules\\router\\lib\\layer.js:152:17)\n    at trimPrefix (C:\\Users\\aswat\\OneDrive\\Documents\\BinIt Project\\binit-project\\backend\\node_modules\\router\\index.js:342:13)","timestamp":"2026-02-28T03:43:25.957Z"}
{"level":"info","message":"Request received: Get orders for user 696c9df0edd52a597164052c","timestamp":"2026-02-28T03:43:26.703Z"}
{"level":"info","message":"Fetched 17 orders for user 696c9df0edd52a597164052c","timestamp":"2026-02-28T03:43:26.872Z"}
{"level":"info","message":"Fetched admin orders successfully. Page: 1","timestamp":"2026-02-28T03:43:45.955Z"}
{"level":"info","message":"Request received: Get orders for user 696c9df0edd52a597164052c","timestamp":"2026-02-28T03:43:52.682Z"}
{"level":"info","message":"Fetched 17 orders for user 696c9df0edd52a597164052c","timestamp":"2026-02-28T03:43:52.779Z"}
{"level":"info","message":"Request received: Get orders for user 696c9df0edd52a597164052c","timestamp":"2026-02-28T03:51:36.567Z"}
{"level":"info","message":"Fetched 17 orders for user 696c9df0edd52a597164052c","timestamp":"2026-02-28T03:51:36.692Z"}
{"level":"info","message":"Request received: Get orders for user 696c9df0edd52a597164052c","timestamp":"2026-02-28T03:53:43.888Z"}
{"level":"info","message":"Fetched 17 orders for user 696c9df0edd52a597164052c","timestamp":"2026-02-28T03:53:44.148Z"}
{"level":"info","message":"Request received: Get details for order #ORD-621955 by user 696c9df0edd52a597164052c","timestamp":"2026-02-28T03:53:47.283Z"}
{"level":"info","message":"Successfully fetched details for order #ORD-621955 by user 696c9df0edd52a597164052c","timestamp":"2026-02-28T03:53:47.372Z"}
{"level":"info","message":"Request received: Get details for order #ORD-621955 by user 696c9df0edd52a597164052c","timestamp":"2026-02-28T03:53:51.750Z"}
{"level":"info","message":"Successfully fetched details for order #ORD-621955 by user 696c9df0edd52a597164052c","timestamp":"2026-02-28T03:53:51.848Z"}
{"level":"info","message":"Request received: Get details for order #ORD-621955 by user 696c9df0edd52a597164052c","timestamp":"2026-02-28T03:53:59.847Z"}
{"level":"info","message":"Successfully fetched details for order #ORD-621955 by user 696c9df0edd52a597164052c","timestamp":"2026-02-28T03:53:59.955Z"}
{"level":"info","message":"Request received: Get details for order #ORD-621955 by user 696c9df0edd52a597164052c","timestamp":"2026-02-28T03:54:10.655Z"}
{"level":"info","message":"Successfully fetched details for order #ORD-621955 by user 696c9df0edd52a597164052c","timestamp":"2026-02-28T03:54:10.955Z"}
{"level":"info","message":"Request received: Get details for order #ORD-621955 by user 696c9df0edd52a597164052c","timestamp":"2026-02-28T03:54:14.078Z"}
{"level":"info","message":"Successfully fetched details for order #ORD-621955 by user 696c9df0edd52a597164052c","timestamp":"2026-02-28T03:54:14.166Z"}
{"level":"info","message":"Request received: Get details for order #ORD-621955 by user 696c9df0edd52a597164052c","timestamp":"2026-02-28T03:54:19.006Z"}
{"level":"info","message":"Successfully fetched details for order #ORD-621955 by user 696c9df0edd52a597164052c","timestamp":"2026-02-28T03:54:19.096Z"}
{"level":"info","message":"Request received: Get orders for user 696c9df0edd52a597164052c","timestamp":"2026-02-28T03:54:21.347Z"}
{"level":"info","message":"Fetched 17 orders for user 696c9df0edd52a597164052c","timestamp":"2026-02-28T03:54:21.453Z"}
{"level":"info","message":"Request received: Get details for order #ORD-115705 by user 696c9df0edd52a597164052c","timestamp":"2026-02-28T03:54:25.026Z"}
{"level":"info","message":"Successfully fetched details for order #ORD-115705 by user 696c9df0edd52a597164052c","timestamp":"2026-02-28T03:54:25.473Z"}
{"level":"info","message":"Request received: Get details for order #ORD-115705 by user 696c9df0edd52a597164052c","timestamp":"2026-02-28T03:54:30.276Z"}
{"level":"info","message":"Successfully fetched details for order #ORD-115705 by user 696c9df0edd52a597164052c","timestamp":"2026-02-28T03:54:30.366Z"}
{"level":"info","message":"Request received: Get details for order #ORD-115705 by user 696c9df0edd52a597164052c","timestamp":"2026-02-28T03:54:35.618Z"}
{"level":"info","message":"Successfully fetched details for order #ORD-115705 by user 696c9df0edd52a597164052c","timestamp":"2026-02-28T03:54:35.708Z"}
{"level":"info","message":"Request received: Get details for order #ORD-115705 by user 696c9df0edd52a597164052c","timestamp":"2026-02-28T03:55:00.147Z"}
{"level":"info","message":"Successfully fetched details for order #ORD-115705 by user 696c9df0edd52a597164052c","timestamp":"2026-02-28T03:55:00.241Z"}
{"level":"info","message":"Request received: Get details for order #ORD-115705 by user 696c9df0edd52a597164052c","timestamp":"2026-02-28T03:56:40.070Z"}
{"level":"info","message":"Successfully fetched details for order #ORD-115705 by user 696c9df0edd52a597164052c","timestamp":"2026-02-28T03:56:40.200Z"}
{"level":"info","message":"Item 69847ce6d2873bd627d7e7a4 added to cart for user 696c9df0edd52a597164052c","timestamp":"2026-02-28T03:56:52.150Z"}
{"level":"info","message":"User 696c9df0edd52a597164052c added item to cart","timestamp":"2026-02-28T03:56:52.154Z"}
{"level":"info","message":"Item 6982d311c2eea4abdc25d383 added to cart for user 696c9df0edd52a597164052c","timestamp":"2026-02-28T03:56:55.087Z"}
{"level":"info","message":"User 696c9df0edd52a597164052c added item to cart","timestamp":"2026-02-28T03:56:55.108Z"}
{"level":"info","message":"Item 6982d63ac2eea4abdc25d3cd added to cart for user 696c9df0edd52a597164052c","timestamp":"2026-02-28T03:56:57.451Z"}
{"level":"info","message":"User 696c9df0edd52a597164052c added item to cart","timestamp":"2026-02-28T03:56:57.453Z"}
{"level":"info","message":"Item 697b6cb46f9ac4cba6227e94 added to cart for user 696c9df0edd52a597164052c","timestamp":"2026-02-28T03:57:05.644Z"}
{"level":"info","message":"User 696c9df0edd52a597164052c added item to cart","timestamp":"2026-02-28T03:57:05.646Z"}
{"level":"info","message":"Cart and summary calculated for user: 696c9df0edd52a597164052c","timestamp":"2026-02-28T03:57:09.749Z"}
{"level":"info","message":"Cart and summary successfully fetched for user: 696c9df0edd52a597164052c","timestamp":"2026-02-28T03:57:09.750Z"}
{"level":"info","message":"Item 69a26789f100ad9e88726159 removed from cart for user 696c9df0edd52a597164052c","timestamp":"2026-02-28T03:57:14.228Z"}
{"level":"info","message":"User 696c9df0edd52a597164052c removed item 69a26789f100ad9e88726159 from cart","timestamp":"2026-02-28T03:57:14.228Z"}
{"level":"info","message":"Cart and summary calculated for user: 696c9df0edd52a597164052c","timestamp":"2026-02-28T03:57:14.477Z"}
{"level":"info","message":"Cart and summary successfully fetched for user: 696c9df0edd52a597164052c","timestamp":"2026-02-28T03:57:14.478Z"}
{"level":"info","message":"Item 69a26787f100ad9e88726151 removed from cart for user 696c9df0edd52a597164052c","timestamp":"2026-02-28T03:57:17.065Z"}
{"level":"info","message":"User 696c9df0edd52a597164052c removed item 69a26787f100ad9e88726151 from cart","timestamp":"2026-02-28T03:57:17.065Z"}
{"level":"info","message":"Cart and summary calculated for user: 696c9df0edd52a597164052c","timestamp":"2026-02-28T03:57:17.300Z"}
{"level":"info","message":"Cart and summary successfully fetched for user: 696c9df0edd52a597164052c","timestamp":"2026-02-28T03:57:17.301Z"}
{"level":"error","message":"jwt expired","stack":"TokenExpiredError: jwt expired\n    at C:\\Users\\aswat\\OneDrive\\Documents\\BinIt Project\\binit-project\\backend\\node_modules\\jsonwebtoken\\verify.js:190:21\n    at getSecret (C:\\Users\\aswat\\OneDrive\\Documents\\BinIt Project\\binit-project\\backend\\node_modules\\jsonwebtoken\\verify.js:97:14)\n    at module.exports [as verify] (C:\\Users\\aswat\\OneDrive\\Documents\\BinIt Project\\binit-project\\backend\\node_modules\\jsonwebtoken\\verify.js:101:10)\n    at verifyAccessToken (file:///C:/Users/aswat/OneDrive/Documents/BinIt%20Project/binit-project/backend/src/utils/jwt.js:55:16)\n    at authenticateUser (file:///C:/Users/aswat/OneDrive/Documents/BinIt%20Project/binit-project/backend/src/middlewares/user/authenticate-user.js:16:24)\n    at Layer.handleRequest (C:\\Users\\aswat\\OneDrive\\Documents\\BinIt Project\\binit-project\\backend\\node_modules\\router\\lib\\layer.js:152:17)\n    at trimPrefix (C:\\Users\\aswat\\OneDrive\\Documents\\BinIt Project\\binit-project\\backend\\node_modules\\router\\index.js:342:13)\n    at C:\\Users\\aswat\\OneDrive\\Documents\\BinIt Project\\binit-project\\backend\\node_modules\\router\\index.js:297:9\n    at processParams (C:\\Users\\aswat\\OneDrive\\Documents\\BinIt Project\\binit-project\\backend\\node_modules\\router\\index.js:582:12)\n    at next (C:\\Users\\aswat\\OneDrive\\Documents\\BinIt Project\\binit-project\\backend\\node_modules\\router\\index.js:291:5)","timestamp":"2026-02-28T03:58:49.979Z"}
{"level":"error","message":"Admin access required.","stack":"Error: Admin access required.\n    at verifyAdminToken (file:///C:/Users/aswat/OneDrive/Documents/BinIt%20Project/binit-project/backend/src/middlewares/admin/authenticate-admin.js:12:11)\n    at Layer.handleRequest (C:\\Users\\aswat\\OneDrive\\Documents\\BinIt Project\\binit-project\\backend\\node_modules\\router\\lib\\layer.js:152:17)\n    at trimPrefix (C:\\Users\\aswat\\OneDrive\\Documents\\BinIt Project\\binit-project\\backend\\node_modules\\router\\index.js:342:13)\n    at C:\\Users\\aswat\\OneDrive\\Documents\\BinIt Project\\binit-project\\backend\\node_modules\\router\\index.js:297:9\n    at processParams (C:\\Users\\aswat\\OneDrive\\Documents\\BinIt Project\\binit-project\\backend\\node_modules\\router\\index.js:582:12)\n    at next (C:\\Users\\aswat\\OneDrive\\Documents\\BinIt Project\\binit-project\\backend\\node_modules\\router\\index.js:291:5)\n    at Function.handle (C:\\Users\\aswat\\OneDrive\\Documents\\BinIt Project\\binit-project\\backend\\node_modules\\router\\index.js:186:3)\n    at router (C:\\Users\\aswat\\OneDrive\\Documents\\BinIt Project\\binit-project\\backend\\node_modules\\router\\index.js:60:12)\n    at Layer.handleRequest (C:\\Users\\aswat\\OneDrive\\Documents\\BinIt Project\\binit-project\\backend\\node_modules\\router\\lib\\layer.js:152:17)\n    at trimPrefix (C:\\Users\\aswat\\OneDrive\\Documents\\BinIt Project\\binit-project\\backend\\node_modules\\router\\index.js:342:13)","timestamp":"2026-02-28T03:58:49.987Z"}
{"level":"info","message":"Cart and summary calculated for user: 696c9df0edd52a597164052c","timestamp":"2026-02-28T03:58:51.110Z"}
{"level":"info","message":"Cart and summary successfully fetched for user: 696c9df0edd52a597164052c","timestamp":"2026-02-28T03:58:51.111Z"}
{"level":"info","message":"Cart and summary calculated for user: 696c9df0edd52a597164052c","timestamp":"2026-02-28T03:59:56.183Z"}
{"level":"info","message":"Cart and summary successfully fetched for user: 696c9df0edd52a597164052c","timestamp":"2026-02-28T03:59:56.183Z"}
{"level":"info","message":"Request received: Get orders for user 696c9df0edd52a597164052c","timestamp":"2026-02-28T04:00:15.259Z"}
{"level":"info","message":"Fetched 17 orders for user 696c9df0edd52a597164052c","timestamp":"2026-02-28T04:00:15.408Z"}
{"level":"info","message":"Request received: Get details for order #ORD-115705 by user 696c9df0edd52a597164052c","timestamp":"2026-02-28T04:00:51.780Z"}
{"level":"info","message":"Successfully fetched details for order #ORD-115705 by user 696c9df0edd52a597164052c","timestamp":"2026-02-28T04:00:51.883Z"}
{"level":"info","message":"Request received: Get details for order #ORD-115705 by user 696c9df0edd52a597164052c","timestamp":"2026-02-28T04:01:13.587Z"}
{"level":"info","message":"Successfully fetched details for order #ORD-115705 by user 696c9df0edd52a597164052c","timestamp":"2026-02-28T04:01:13.677Z"}
{"level":"info","message":"Cart and summary calculated for user: 696c9df0edd52a597164052c","timestamp":"2026-02-28T04:01:15.513Z"}
{"level":"info","message":"Cart and summary successfully fetched for user: 696c9df0edd52a597164052c","timestamp":"2026-02-28T04:01:15.513Z"}
{"level":"info","message":"Cart and summary calculated for user: 696c9df0edd52a597164052c","timestamp":"2026-02-28T04:02:06.528Z"}
{"level":"info","message":"Cart and summary successfully fetched for user: 696c9df0edd52a597164052c","timestamp":"2026-02-28T04:02:06.528Z"}
{"level":"info","message":"Connected to Redis successfully","timestamp":"2026-02-28T04:03:02.437Z"}
{"level":"info","message":"MongoDB connected successfully","timestamp":"2026-02-28T04:03:03.142Z"}
{"level":"info","message":"Connected to Redis successfully","timestamp":"2026-02-28T04:03:08.599Z"}
{"level":"info","message":"MongoDB connected successfully","timestamp":"2026-02-28T04:03:09.286Z"}
{"level":"info","message":"Connected to Redis successfully","timestamp":"2026-02-28T04:03:42.653Z"}
{"level":"info","message":"MongoDB connected successfully","timestamp":"2026-02-28T04:03:43.477Z"}
{"level":"info","message":"Connected to Redis successfully","timestamp":"2026-02-28T04:03:53.902Z"}
{"level":"info","message":"MongoDB connected successfully","timestamp":"2026-02-28T04:03:54.657Z"}
{"level":"info","message":"Connected to Redis successfully","timestamp":"2026-02-28T04:04:03.727Z"}
{"level":"info","message":"MongoDB connected successfully","timestamp":"2026-02-28T04:04:04.357Z"}
{"level":"info","message":"Connected to Redis successfully","timestamp":"2026-02-28T04:04:24.625Z"}
{"level":"info","message":"MongoDB connected successfully","timestamp":"2026-02-28T04:04:25.218Z"}
{"level":"info","message":"Connected to Redis successfully","timestamp":"2026-02-28T04:04:36.279Z"}
{"level":"info","message":"MongoDB connected successfully","timestamp":"2026-02-28T04:04:36.860Z"}
{"level":"info","message":"Connected to Redis successfully","timestamp":"2026-02-28T04:04:46.393Z"}
{"level":"info","message":"MongoDB connected successfully","timestamp":"2026-02-28T04:04:46.994Z"}
{"level":"info","message":"Connected to Redis successfully","timestamp":"2026-02-28T04:05:18.193Z"}
{"level":"info","message":"MongoDB connected successfully","timestamp":"2026-02-28T04:05:19.922Z"}
{"level":"info","message":"Connected to Redis successfully","timestamp":"2026-02-28T04:05:28.972Z"}
{"level":"info","message":"Connected to Redis successfully","timestamp":"2026-02-28T04:05:44.682Z"}
{"level":"info","message":"MongoDB connected successfully","timestamp":"2026-02-28T04:05:45.295Z"}
{"level":"info","message":"Connected to Redis successfully","timestamp":"2026-02-28T04:06:00.436Z"}
{"level":"info","message":"MongoDB connected successfully","timestamp":"2026-02-28T04:06:01.066Z"}
{"level":"info","message":"Connected to Redis successfully","timestamp":"2026-02-28T04:06:14.105Z"}
{"level":"info","message":"MongoDB connected successfully","timestamp":"2026-02-28T04:06:14.825Z"}
{"level":"info","message":"Cart and summary calculated for user: 696c9df0edd52a597164052c","timestamp":"2026-02-28T04:06:21.313Z"}
{"level":"info","message":"Cart and summary successfully fetched for user: 696c9df0edd52a597164052c","timestamp":"2026-02-28T04:06:21.315Z"}
{"level":"info","message":"Cart and summary calculated for user: 696c9df0edd52a597164052c","timestamp":"2026-02-28T04:07:21.164Z"}
{"level":"info","message":"Cart and summary successfully fetched for user: 696c9df0edd52a597164052c","timestamp":"2026-02-28T04:07:21.165Z"}
{"level":"info","message":"Cart and summary calculated for user: 696c9df0edd52a597164052c","timestamp":"2026-02-28T04:07:37.291Z"}
{"level":"info","message":"Cart and summary successfully fetched for user: 696c9df0edd52a597164052c","timestamp":"2026-02-28T04:07:37.292Z"}
{"level":"info","message":"Cart and summary calculated for user: 696c9df0edd52a597164052c","timestamp":"2026-02-28T04:08:06.082Z"}
{"level":"info","message":"Cart and summary successfully fetched for user: 696c9df0edd52a597164052c","timestamp":"2026-02-28T04:08:06.084Z"}
{"level":"info","message":"Cart and summary calculated for user: 696c9df0edd52a597164052c","timestamp":"2026-02-28T04:08:09.148Z"}
{"level":"info","message":"Cart and summary successfully fetched for user: 696c9df0edd52a597164052c","timestamp":"2026-02-28T04:08:09.149Z"}
{"level":"info","message":"Cart and summary calculated for user: 696c9df0edd52a597164052c","timestamp":"2026-02-28T04:08:10.745Z"}
{"level":"info","message":"Cart and summary successfully fetched for user: 696c9df0edd52a597164052c","timestamp":"2026-02-28T04:08:10.751Z"}
{"level":"info","message":"Cart and summary calculated for user: 696c9df0edd52a597164052c","timestamp":"2026-02-28T04:08:29.103Z"}
{"level":"info","message":"Cart and summary successfully fetched for user: 696c9df0edd52a597164052c","timestamp":"2026-02-28T04:08:29.104Z"}
{"level":"info","message":"Cart and summary calculated for user: 696c9df0edd52a597164052c","timestamp":"2026-02-28T04:08:32.158Z"}
{"level":"info","message":"Cart and summary successfully fetched for user: 696c9df0edd52a597164052c","timestamp":"2026-02-28T04:08:32.159Z"}
{"level":"info","message":"Cart and summary calculated for user: 696c9df0edd52a597164052c","timestamp":"2026-02-28T04:08:33.009Z"}
{"level":"info","message":"Cart and summary successfully fetched for user: 696c9df0edd52a597164052c","timestamp":"2026-02-28T04:08:33.010Z"}
{"level":"info","message":"Cart and summary calculated for user: 696c9df0edd52a597164052c","timestamp":"2026-02-28T04:08:34.067Z"}
{"level":"info","message":"Cart and summary successfully fetched for user: 696c9df0edd52a597164052c","timestamp":"2026-02-28T04:08:34.067Z"}
{"level":"info","message":"Cart and summary calculated for user: 696c9df0edd52a597164052c","timestamp":"2026-02-28T04:08:36.220Z"}
{"level":"info","message":"Cart and summary successfully fetched for user: 696c9df0edd52a597164052c","timestamp":"2026-02-28T04:08:36.221Z"}
{"level":"info","message":"Cart and summary calculated for user: 696c9df0edd52a597164052c","timestamp":"2026-02-28T04:08:36.994Z"}
{"level":"info","message":"Cart and summary successfully fetched for user: 696c9df0edd52a597164052c","timestamp":"2026-02-28T04:08:36.994Z"}
{"level":"info","message":"Cart and summary calculated for user: 696c9df0edd52a597164052c","timestamp":"2026-02-28T04:08:43.104Z"}
{"level":"info","message":"Cart and summary successfully fetched for user: 696c9df0edd52a597164052c","timestamp":"2026-02-28T04:08:43.104Z"}
{"level":"info","message":"Cart and summary calculated for user: 696c9df0edd52a597164052c","timestamp":"2026-02-28T04:08:44.114Z"}
{"level":"info","message":"Cart and summary successfully fetched for user: 696c9df0edd52a597164052c","timestamp":"2026-02-28T04:08:44.115Z"}
{"level":"info","message":"Cart and summary calculated for user: 696c9df0edd52a597164052c","timestamp":"2026-02-28T04:08:47.823Z"}
{"level":"info","message":"Cart and summary successfully fetched for user: 696c9df0edd52a597164052c","timestamp":"2026-02-28T04:08:47.825Z"}
{"level":"info","message":"Cart and summary calculated for user: 696c9df0edd52a597164052c","timestamp":"2026-02-28T04:08:53.034Z"}
{"level":"info","message":"Cart and summary successfully fetched for user: 696c9df0edd52a597164052c","timestamp":"2026-02-28T04:08:53.034Z"}
{"level":"info","message":"Cart and summary calculated for user: 696c9df0edd52a597164052c","timestamp":"2026-02-28T04:08:55.097Z"}
{"level":"info","message":"Cart and summary successfully fetched for user: 696c9df0edd52a597164052c","timestamp":"2026-02-28T04:08:55.098Z"}
{"level":"info","message":"Cart and summary calculated for user: 696c9df0edd52a597164052c","timestamp":"2026-02-28T04:08:56.089Z"}
{"level":"info","message":"Cart and summary successfully fetched for user: 696c9df0edd52a597164052c","timestamp":"2026-02-28T04:08:56.090Z"}
{"level":"info","message":"Cart and summary calculated for user: 696c9df0edd52a597164052c","timestamp":"2026-02-28T04:08:57.098Z"}
{"level":"info","message":"Cart and summary successfully fetched for user: 696c9df0edd52a597164052c","timestamp":"2026-02-28T04:08:57.099Z"}
{"level":"info","message":"Cart and summary calculated for user: 696c9df0edd52a597164052c","timestamp":"2026-02-28T04:08:59.136Z"}
{"level":"info","message":"Cart and summary successfully fetched for user: 696c9df0edd52a597164052c","timestamp":"2026-02-28T04:08:59.136Z"}
{"level":"info","message":"Cart and summary calculated for user: 696c9df0edd52a597164052c","timestamp":"2026-02-28T04:08:59.968Z"}
{"level":"info","message":"Cart and summary successfully fetched for user: 696c9df0edd52a597164052c","timestamp":"2026-02-28T04:08:59.968Z"}
{"level":"info","message":"Cart and summary calculated for user: 696c9df0edd52a597164052c","timestamp":"2026-02-28T04:09:02.007Z"}
{"level":"info","message":"Cart and summary successfully fetched for user: 696c9df0edd52a597164052c","timestamp":"2026-02-28T04:09:02.007Z"}
{"level":"info","message":"Cart and summary calculated for user: 696c9df0edd52a597164052c","timestamp":"2026-02-28T04:09:06.406Z"}
{"level":"info","message":"Cart and summary successfully fetched for user: 696c9df0edd52a597164052c","timestamp":"2026-02-28T04:09:06.406Z"}
{"level":"info","message":"Cart and summary calculated for user: 696c9df0edd52a597164052c","timestamp":"2026-02-28T04:09:23.010Z"}
{"level":"info","message":"Cart and summary successfully fetched for user: 696c9df0edd52a597164052c","timestamp":"2026-02-28T04:09:23.010Z"}
{"level":"info","message":"Cart and summary calculated for user: 696c9df0edd52a597164052c","timestamp":"2026-02-28T04:09:29.484Z"}
{"level":"info","message":"Cart and summary successfully fetched for user: 696c9df0edd52a597164052c","timestamp":"2026-02-28T04:09:29.485Z"}
{"level":"info","message":"Cart and summary calculated for user: 696c9df0edd52a597164052c","timestamp":"2026-02-28T04:09:31.095Z"}
{"level":"info","message":"Cart and summary successfully fetched for user: 696c9df0edd52a597164052c","timestamp":"2026-02-28T04:09:31.095Z"}
{"level":"info","message":"Cart and summary calculated for user: 696c9df0edd52a597164052c","timestamp":"2026-02-28T04:09:39.335Z"}
{"level":"info","message":"Cart and summary successfully fetched for user: 696c9df0edd52a597164052c","timestamp":"2026-02-28T04:09:39.337Z"}
{"level":"info","message":"Cart and summary calculated for user: 696c9df0edd52a597164052c","timestamp":"2026-02-28T04:09:46.027Z"}
{"level":"info","message":"Cart and summary successfully fetched for user: 696c9df0edd52a597164052c","timestamp":"2026-02-28T04:09:46.027Z"}
{"level":"info","message":"Cart and summary calculated for user: 696c9df0edd52a597164052c","timestamp":"2026-02-28T04:09:50.024Z"}
{"level":"info","message":"Cart and summary successfully fetched for user: 696c9df0edd52a597164052c","timestamp":"2026-02-28T04:09:50.024Z"}
{"level":"info","message":"Cart and summary calculated for user: 696c9df0edd52a597164052c","timestamp":"2026-02-28T04:10:02.017Z"}
{"level":"info","message":"Cart and summary successfully fetched for user: 696c9df0edd52a597164052c","timestamp":"2026-02-28T04:10:02.018Z"}
{"level":"info","message":"Cart and summary calculated for user: 696c9df0edd52a597164052c","timestamp":"2026-02-28T04:10:05.985Z"}
{"level":"info","message":"Cart and summary successfully fetched for user: 696c9df0edd52a597164052c","timestamp":"2026-02-28T04:10:05.986Z"}
{"level":"info","message":"Cart and summary calculated for user: 696c9df0edd52a597164052c","timestamp":"2026-02-28T04:10:07.163Z"}
{"level":"info","message":"Cart and summary successfully fetched for user: 696c9df0edd52a597164052c","timestamp":"2026-02-28T04:10:07.175Z"}
{"level":"info","message":"Cart and summary calculated for user: 696c9df0edd52a597164052c","timestamp":"2026-02-28T04:10:15.808Z"}
{"level":"info","message":"Cart and summary successfully fetched for user: 696c9df0edd52a597164052c","timestamp":"2026-02-28T04:10:15.816Z"}
{"level":"info","message":"Cart and summary calculated for user: 696c9df0edd52a597164052c","timestamp":"2026-02-28T04:10:19.547Z"}
{"level":"info","message":"Cart and summary successfully fetched for user: 696c9df0edd52a597164052c","timestamp":"2026-02-28T04:10:19.548Z"}
{"level":"info","message":"Cart and summary calculated for user: 696c9df0edd52a597164052c","timestamp":"2026-02-28T04:10:28.265Z"}
{"level":"info","message":"Cart and summary successfully fetched for user: 696c9df0edd52a597164052c","timestamp":"2026-02-28T04:10:28.274Z"}
{"level":"info","message":"Cart and summary calculated for user: 696c9df0edd52a597164052c","timestamp":"2026-02-28T04:10:30.999Z"}
{"level":"info","message":"Cart and summary successfully fetched for user: 696c9df0edd52a597164052c","timestamp":"2026-02-28T04:10:30.999Z"}
{"level":"info","message":"Cart and summary calculated for user: 696c9df0edd52a597164052c","timestamp":"2026-02-28T04:10:34.217Z"}
{"level":"info","message":"Cart and summary successfully fetched for user: 696c9df0edd52a597164052c","timestamp":"2026-02-28T04:10:34.221Z"}
{"level":"info","message":"Cart and summary calculated for user: 696c9df0edd52a597164052c","timestamp":"2026-02-28T04:10:45.978Z"}
{"level":"info","message":"Cart and summary successfully fetched for user: 696c9df0edd52a597164052c","timestamp":"2026-02-28T04:10:45.978Z"}
{"level":"info","message":"Cart and summary calculated for user: 696c9df0edd52a597164052c","timestamp":"2026-02-28T04:10:47.044Z"}
{"level":"info","message":"Cart and summary successfully fetched for user: 696c9df0edd52a597164052c","timestamp":"2026-02-28T04:10:47.047Z"}
{"level":"info","message":"Cart and summary calculated for user: 696c9df0edd52a597164052c","timestamp":"2026-02-28T04:10:52.990Z"}
{"level":"info","message":"Cart and summary successfully fetched for user: 696c9df0edd52a597164052c","timestamp":"2026-02-28T04:10:52.991Z"}
{"level":"info","message":"Cart and summary calculated for user: 696c9df0edd52a597164052c","timestamp":"2026-02-28T04:10:54.031Z"}
{"level":"info","message":"Cart and summary successfully fetched for user: 696c9df0edd52a597164052c","timestamp":"2026-02-28T04:10:54.031Z"}
{"level":"info","message":"Cart and summary calculated for user: 696c9df0edd52a597164052c","timestamp":"2026-02-28T04:10:55.298Z"}
{"level":"info","message":"Cart and summary successfully fetched for user: 696c9df0edd52a597164052c","timestamp":"2026-02-28T04:10:55.299Z"}
{"level":"info","message":"Cart and summary calculated for user: 696c9df0edd52a597164052c","timestamp":"2026-02-28T04:11:01.746Z"}
{"level":"info","message":"Cart and summary successfully fetched for user: 696c9df0edd52a597164052c","timestamp":"2026-02-28T04:11:01.746Z"}
{"level":"info","message":"Cart and summary calculated for user: 696c9df0edd52a597164052c","timestamp":"2026-02-28T04:11:03.083Z"}
{"level":"info","message":"Cart and summary successfully fetched for user: 696c9df0edd52a597164052c","timestamp":"2026-02-28T04:11:03.084Z"}
{"level":"info","message":"Cart and summary calculated for user: 696c9df0edd52a597164052c","timestamp":"2026-02-28T04:11:05.354Z"}
{"level":"info","message":"Cart and summary successfully fetched for user: 696c9df0edd52a597164052c","timestamp":"2026-02-28T04:11:05.354Z"}
{"level":"info","message":"Cart and summary calculated for user: 696c9df0edd52a597164052c","timestamp":"2026-02-28T04:11:06.090Z"}
{"level":"info","message":"Cart and summary successfully fetched for user: 696c9df0edd52a597164052c","timestamp":"2026-02-28T04:11:06.090Z"}
{"level":"info","message":"Cart and summary calculated for user: 696c9df0edd52a597164052c","timestamp":"2026-02-28T04:11:07.989Z"}
{"level":"info","message":"Cart and summary successfully fetched for user: 696c9df0edd52a597164052c","timestamp":"2026-02-28T04:11:07.990Z"}
{"level":"info","message":"Cart and summary calculated for user: 696c9df0edd52a597164052c","timestamp":"2026-02-28T04:11:13.072Z"}
{"level":"info","message":"Cart and summary successfully fetched for user: 696c9df0edd52a597164052c","timestamp":"2026-02-28T04:11:13.072Z"}
{"level":"info","message":"Cart and summary calculated for user: 696c9df0edd52a597164052c","timestamp":"2026-02-28T04:11:16.045Z"}
{"level":"info","message":"Cart and summary successfully fetched for user: 696c9df0edd52a597164052c","timestamp":"2026-02-28T04:11:16.046Z"}
{"level":"info","message":"Cart and summary calculated for user: 696c9df0edd52a597164052c","timestamp":"2026-02-28T04:11:27.492Z"}
{"level":"info","message":"Cart and summary successfully fetched for user: 696c9df0edd52a597164052c","timestamp":"2026-02-28T04:11:27.493Z"}
{"level":"info","message":"Cart and summary calculated for user: 696c9df0edd52a597164052c","timestamp":"2026-02-28T04:11:33.138Z"}
{"level":"info","message":"Cart and summary successfully fetched for user: 696c9df0edd52a597164052c","timestamp":"2026-02-28T04:11:33.140Z"}
{"level":"info","message":"Cart and summary calculated for user: 696c9df0edd52a597164052c","timestamp":"2026-02-28T04:11:42.105Z"}
{"level":"info","message":"Cart and summary successfully fetched for user: 696c9df0edd52a597164052c","timestamp":"2026-02-28T04:11:42.106Z"}
{"level":"info","message":"Cart and summary calculated for user: 696c9df0edd52a597164052c","timestamp":"2026-02-28T04:11:44.183Z"}
{"level":"info","message":"Cart and summary successfully fetched for user: 696c9df0edd52a597164052c","timestamp":"2026-02-28T04:11:44.183Z"}
{"level":"info","message":"Cart and summary calculated for user: 696c9df0edd52a597164052c","timestamp":"2026-02-28T04:11:47.474Z"}
{"level":"info","message":"Cart and summary successfully fetched for user: 696c9df0edd52a597164052c","timestamp":"2026-02-28T04:11:47.476Z"}
{"level":"info","message":"Cart and summary calculated for user: 696c9df0edd52a597164052c","timestamp":"2026-02-28T04:11:51.378Z"}
{"level":"info","message":"Cart and summary successfully fetched for user: 696c9df0edd52a597164052c","timestamp":"2026-02-28T04:11:51.379Z"}
{"level":"info","message":"Cart and summary calculated for user: 696c9df0edd52a597164052c","timestamp":"2026-02-28T04:11:53.768Z"}
{"level":"info","message":"Cart and summary successfully fetched for user: 696c9df0edd52a597164052c","timestamp":"2026-02-28T04:11:53.769Z"}
{"level":"info","message":"Cart and summary calculated for user: 696c9df0edd52a597164052c","timestamp":"2026-02-28T04:11:56.195Z"}
{"level":"info","message":"Cart and summary successfully fetched for user: 696c9df0edd52a597164052c","timestamp":"2026-02-28T04:11:56.196Z"}
{"level":"info","message":"Cart and summary calculated for user: 696c9df0edd52a597164052c","timestamp":"2026-02-28T04:12:08.029Z"}
{"level":"info","message":"Cart and summary successfully fetched for user: 696c9df0edd52a597164052c","timestamp":"2026-02-28T04:12:08.030Z"}
{"level":"info","message":"Cart and summary calculated for user: 696c9df0edd52a597164052c","timestamp":"2026-02-28T04:12:19.005Z"}
{"level":"info","message":"Cart and summary successfully fetched for user: 696c9df0edd52a597164052c","timestamp":"2026-02-28T04:12:19.005Z"}
{"level":"info","message":"Cart and summary calculated for user: 696c9df0edd52a597164052c","timestamp":"2026-02-28T04:12:22.042Z"}
{"level":"info","message":"Cart and summary successfully fetched for user: 696c9df0edd52a597164052c","timestamp":"2026-02-28T04:12:22.042Z"}
{"level":"info","message":"Cart and summary calculated for user: 696c9df0edd52a597164052c","timestamp":"2026-02-28T04:12:28.760Z"}
{"level":"info","message":"Cart and summary successfully fetched for user: 696c9df0edd52a597164052c","timestamp":"2026-02-28T04:12:28.761Z"}
{"level":"info","message":"Cart and summary calculated for user: 696c9df0edd52a597164052c","timestamp":"2026-02-28T04:12:29.574Z"}
{"level":"info","message":"Cart and summary successfully fetched for user: 696c9df0edd52a597164052c","timestamp":"2026-02-28T04:12:29.575Z"}
{"level":"info","message":"Cart and summary calculated for user: 696c9df0edd52a597164052c","timestamp":"2026-02-28T04:12:42.059Z"}
{"level":"info","message":"Cart and summary successfully fetched for user: 696c9df0edd52a597164052c","timestamp":"2026-02-28T04:12:42.061Z"}
{"level":"info","message":"Cart and summary calculated for user: 696c9df0edd52a597164052c","timestamp":"2026-02-28T04:13:31.259Z"}
{"level":"info","message":"Cart and summary successfully fetched for user: 696c9df0edd52a597164052c","timestamp":"2026-02-28T04:13:31.260Z"}
{"level":"info","message":"Cart and summary calculated for user: 696c9df0edd52a597164052c","timestamp":"2026-02-28T04:13:32.615Z"}
{"level":"info","message":"Cart and summary successfully fetched for user: 696c9df0edd52a597164052c","timestamp":"2026-02-28T04:13:32.615Z"}
{"level":"info","message":"Cart and summary calculated for user: 696c9df0edd52a597164052c","timestamp":"2026-02-28T04:13:43.780Z"}
{"level":"info","message":"Cart and summary successfully fetched for user: 696c9df0edd52a597164052c","timestamp":"2026-02-28T04:13:43.780Z"}
{"level":"info","message":"Cart and summary calculated for user: 696c9df0edd52a597164052c","timestamp":"2026-02-28T04:13:48.350Z"}
{"level":"info","message":"Cart and summary successfully fetched for user: 696c9df0edd52a597164052c","timestamp":"2026-02-28T04:13:48.351Z"}
{"level":"error","message":"jwt expired","stack":"TokenExpiredError: jwt expired\n    at C:\\Users\\aswat\\OneDrive\\Documents\\BinIt Project\\binit-project\\backend\\node_modules\\jsonwebtoken\\verify.js:190:21\n    at getSecret (C:\\Users\\aswat\\OneDrive\\Documents\\BinIt Project\\binit-project\\backend\\node_modules\\jsonwebtoken\\verify.js:97:14)\n    at module.exports [as verify] (C:\\Users\\aswat\\OneDrive\\Documents\\BinIt Project\\binit-project\\backend\\node_modules\\jsonwebtoken\\verify.js:101:10)\n    at verifyAccessToken (file:///C:/Users/aswat/OneDrive/Documents/BinIt%20Project/binit-project/backend/src/utils/jwt.js:55:16)\n    at authenticateUser (file:///C:/Users/aswat/OneDrive/Documents/BinIt%20Project/binit-project/backend/src/middlewares/user/authenticate-user.js:16:24)\n    at Layer.handleRequest (C:\\Users\\aswat\\OneDrive\\Documents\\BinIt Project\\binit-project\\backend\\node_modules\\router\\lib\\layer.js:152:17)\n    at trimPrefix (C:\\Users\\aswat\\OneDrive\\Documents\\BinIt Project\\binit-project\\backend\\node_modules\\router\\index.js:342:13)\n    at C:\\Users\\aswat\\OneDrive\\Documents\\BinIt Project\\binit-project\\backend\\node_modules\\router\\index.js:297:9\n    at processParams (C:\\Users\\aswat\\OneDrive\\Documents\\BinIt Project\\binit-project\\backend\\node_modules\\router\\index.js:582:12)\n    at next (C:\\Users\\aswat\\OneDrive\\Documents\\BinIt Project\\binit-project\\backend\\node_modules\\router\\index.js:291:5)","timestamp":"2026-02-28T04:14:29.511Z"}
{"level":"info","message":"Cart and summary calculated for user: 696c9df0edd52a597164052c","timestamp":"2026-02-28T04:14:30.075Z"}
{"level":"info","message":"Cart and summary successfully fetched for user: 696c9df0edd52a597164052c","timestamp":"2026-02-28T04:14:30.076Z"}
{"level":"info","message":"Verification images (3) uploaded by user 696c9df0edd52a597164052c for item 69847ce6d2873bd627d7e7a4","timestamp":"2026-02-28T04:14:42.752Z"}
{"level":"info","message":"User 696c9df0edd52a597164052c uploaded 3 verification images for item 69847ce6d2873bd627d7e7a4","timestamp":"2026-02-28T04:14:42.753Z"}
{"level":"info","message":"Cart and summary calculated for user: 696c9df0edd52a597164052c","timestamp":"2026-02-28T04:14:43.055Z"}
{"level":"info","message":"Cart and summary successfully fetched for user: 696c9df0edd52a597164052c","timestamp":"2026-02-28T04:14:43.056Z"}
{"level":"info","message":"Verification images (3) uploaded by user 696c9df0edd52a597164052c for item 697b6cb46f9ac4cba6227e94","timestamp":"2026-02-28T04:15:04.386Z"}
{"level":"info","message":"User 696c9df0edd52a597164052c uploaded 3 verification images for item 697b6cb46f9ac4cba6227e94","timestamp":"2026-02-28T04:15:04.386Z"}
{"level":"info","message":"Cart and summary calculated for user: 696c9df0edd52a597164052c","timestamp":"2026-02-28T04:15:04.633Z"}
{"level":"info","message":"Cart and summary successfully fetched for user: 696c9df0edd52a597164052c","timestamp":"2026-02-28T04:15:04.633Z"}
{"level":"info","message":"Cart and summary calculated for user: 696c9df0edd52a597164052c","timestamp":"2026-02-28T04:15:21.440Z"}
{"level":"info","message":"Cart and summary successfully fetched for user: 696c9df0edd52a597164052c","timestamp":"2026-02-28T04:15:21.441Z"}
{"level":"info","message":"Cart and summary calculated for user: 696c9df0edd52a597164052c","timestamp":"2026-02-28T04:15:51.119Z"}
{"level":"info","message":"Cart and summary successfully fetched for user: 696c9df0edd52a597164052c","timestamp":"2026-02-28T04:15:51.120Z"}
{"level":"info","message":"Cart and summary calculated for user: 696c9df0edd52a597164052c","timestamp":"2026-02-28T04:17:08.618Z"}
{"level":"info","message":"Cart and summary successfully fetched for user: 696c9df0edd52a597164052c","timestamp":"2026-02-28T04:17:08.619Z"}
{"level":"info","message":"Received order creation request for user 696c9df0edd52a597164052c","timestamp":"2026-02-28T04:17:11.432Z"}
{"level":"info","message":"Cart and summary calculated for user: 696c9df0edd52a597164052c","timestamp":"2026-02-28T04:17:11.796Z"}
{"level":"info","message":"Order created successfully for user 696c9df0edd52a597164052c. Order ID: #ORD-231841","timestamp":"2026-02-28T04:17:12.074Z"}
{"level":"info","message":"Cart and summary successfully fetched for user: 696c9df0edd52a597164052c","timestamp":"2026-02-28T04:17:12.186Z"}
{"level":"info","message":"Connected to Redis successfully","timestamp":"2026-02-28T04:21:13.481Z"}
{"level":"info","message":"MongoDB connected successfully","timestamp":"2026-02-28T04:21:14.358Z"}
{"level":"info","message":"Connected to Redis successfully","timestamp":"2026-02-28T04:21:20.372Z"}
{"level":"info","message":"MongoDB connected successfully","timestamp":"2026-02-28T04:21:20.962Z"}
{"level":"info","message":"Cart and summary successfully fetched for user: 696c9df0edd52a597164052c","timestamp":"2026-02-28T04:21:30.487Z"}
{"level":"info","message":"Cart and summary successfully fetched for user: 696c9df0edd52a597164052c","timestamp":"2026-02-28T04:21:31.468Z"}
{"level":"info","message":"Connected to Redis successfully","timestamp":"2026-02-28T04:21:45.911Z"}
{"level":"info","message":"MongoDB connected successfully","timestamp":"2026-02-28T04:21:47.618Z"}
{"level":"info","message":"Connected to Redis successfully","timestamp":"2026-02-28T04:21:58.425Z"}
{"level":"info","message":"MongoDB connected successfully","timestamp":"2026-02-28T04:21:59.147Z"}
{"level":"info","message":"Cart and summary successfully fetched for user: 696c9df0edd52a597164052c","timestamp":"2026-02-28T04:22:20.989Z"}
{"level":"info","message":"Connected to Redis successfully","timestamp":"2026-02-28T04:22:23.793Z"}
{"level":"info","message":"MongoDB connected successfully","timestamp":"2026-02-28T04:22:24.456Z"}
{"level":"info","message":"Cart and summary successfully fetched for user: 696c9df0edd52a597164052c","timestamp":"2026-02-28T04:22:40.279Z"}
{"level":"error","message":"Admin access required.","stack":"Error: Admin access required.\n    at verifyAdminToken (file:///C:/Users/aswat/OneDrive/Documents/BinIt%20Project/binit-project/backend/src/middlewares/admin/authenticate-admin.js:12:11)\n    at Layer.handleRequest (C:\\Users\\aswat\\OneDrive\\Documents\\BinIt Project\\binit-project\\backend\\node_modules\\router\\lib\\layer.js:152:17)\n    at trimPrefix (C:\\Users\\aswat\\OneDrive\\Documents\\BinIt Project\\binit-project\\backend\\node_modules\\router\\index.js:342:13)\n    at C:\\Users\\aswat\\OneDrive\\Documents\\BinIt Project\\binit-project\\backend\\node_modules\\router\\index.js:297:9\n    at processParams (C:\\Users\\aswat\\OneDrive\\Documents\\BinIt Project\\binit-project\\backend\\node_modules\\router\\index.js:582:12)\n    at next (C:\\Users\\aswat\\OneDrive\\Documents\\BinIt Project\\binit-project\\backend\\node_modules\\router\\index.js:291:5)\n    at Function.handle (C:\\Users\\aswat\\OneDrive\\Documents\\BinIt Project\\binit-project\\backend\\node_modules\\router\\index.js:186:3)\n    at router (C:\\Users\\aswat\\OneDrive\\Documents\\BinIt Project\\binit-project\\backend\\node_modules\\router\\index.js:60:12)\n    at Layer.handleRequest (C:\\Users\\aswat\\OneDrive\\Documents\\BinIt Project\\binit-project\\backend\\node_modules\\router\\lib\\layer.js:152:17)\n    at trimPrefix (C:\\Users\\aswat\\OneDrive\\Documents\\BinIt Project\\binit-project\\backend\\node_modules\\router\\index.js:342:13)","timestamp":"2026-02-28T04:22:45.634Z"}
{"level":"info","message":"Item 69847ce6d2873bd627d7e7a4 added to cart for user 696c9df0edd52a597164052c","timestamp":"2026-02-28T04:22:50.586Z"}
{"level":"info","message":"User 696c9df0edd52a597164052c added item to cart","timestamp":"2026-02-28T04:22:50.589Z"}
{"level":"info","message":"Item 6982d311c2eea4abdc25d383 added to cart for user 696c9df0edd52a597164052c","timestamp":"2026-02-28T04:22:52.681Z"}
{"level":"info","message":"User 696c9df0edd52a597164052c added item to cart","timestamp":"2026-02-28T04:22:52.687Z"}
{"level":"info","message":"Item 6982d311c2eea4abdc25d383 added to cart for user 696c9df0edd52a597164052c","timestamp":"2026-02-28T04:23:00.195Z"}
{"level":"info","message":"User 696c9df0edd52a597164052c added item to cart","timestamp":"2026-02-28T04:23:00.199Z"}
{"level":"info","message":"Item 697b6cb46f9ac4cba6227e94 added to cart for user 696c9df0edd52a597164052c","timestamp":"2026-02-28T04:23:04.337Z"}
{"level":"info","message":"User 696c9df0edd52a597164052c added item to cart","timestamp":"2026-02-28T04:23:04.340Z"}
{"level":"info","message":"Cart and summary calculated for user: 696c9df0edd52a597164052c","timestamp":"2026-02-28T04:23:06.323Z"}
{"level":"info","message":"Cart and summary successfully fetched for user: 696c9df0edd52a597164052c","timestamp":"2026-02-28T04:23:06.323Z"}
{"level":"info","message":"Cart and summary calculated for user: 696c9df0edd52a597164052c","timestamp":"2026-02-28T04:23:08.455Z"}
{"level":"info","message":"Cart and summary successfully fetched for user: 696c9df0edd52a597164052c","timestamp":"2026-02-28T04:23:08.455Z"}
{"level":"info","message":"Verification images (3) uploaded by user 696c9df0edd52a597164052c for item 69847ce6d2873bd627d7e7a4","timestamp":"2026-02-28T04:23:21.050Z"}
{"level":"info","message":"User 696c9df0edd52a597164052c uploaded 3 verification images for item 69847ce6d2873bd627d7e7a4","timestamp":"2026-02-28T04:23:21.051Z"}
{"level":"info","message":"Cart and summary calculated for user: 696c9df0edd52a597164052c","timestamp":"2026-02-28T04:23:21.331Z"}
{"level":"info","message":"Cart and summary successfully fetched for user: 696c9df0edd52a597164052c","timestamp":"2026-02-28T04:23:21.332Z"}
{"level":"info","message":"Verification images (3) uploaded by user 696c9df0edd52a597164052c for item 697b6cb46f9ac4cba6227e94","timestamp":"2026-02-28T04:23:34.055Z"}
{"level":"info","message":"User 696c9df0edd52a597164052c uploaded 3 verification images for item 697b6cb46f9ac4cba6227e94","timestamp":"2026-02-28T04:23:34.055Z"}
{"level":"info","message":"Cart and summary calculated for user: 696c9df0edd52a597164052c","timestamp":"2026-02-28T04:23:34.355Z"}
{"level":"info","message":"Cart and summary successfully fetched for user: 696c9df0edd52a597164052c","timestamp":"2026-02-28T04:23:34.355Z"}
{"level":"info","message":"Cart and summary calculated for user: 696c9df0edd52a597164052c","timestamp":"2026-02-28T04:23:51.951Z"}
{"level":"info","message":"Cart and summary successfully fetched for user: 696c9df0edd52a597164052c","timestamp":"2026-02-28T04:23:51.951Z"}
{"level":"info","message":"Received order creation request for user 696c9df0edd52a597164052c","timestamp":"2026-02-28T04:23:55.709Z"}
{"level":"info","message":"Cart and summary calculated for user: 696c9df0edd52a597164052c","timestamp":"2026-02-28T04:23:55.828Z"}
{"level":"info","message":"Order created successfully for user 696c9df0edd52a597164052c. Order ID: #ORD-635869","timestamp":"2026-02-28T04:23:55.975Z"}
{"level":"info","message":"Cart and summary successfully fetched for user: 696c9df0edd52a597164052c","timestamp":"2026-02-28T04:23:56.168Z"}
{"level":"info","message":"Connected to Redis successfully","timestamp":"2026-02-28T04:26:04.263Z"}
{"level":"info","message":"MongoDB connected successfully","timestamp":"2026-02-28T04:26:05.933Z"}
{"level":"info","message":"Connected to Redis successfully","timestamp":"2026-02-28T04:26:13.181Z"}
{"level":"info","message":"MongoDB connected successfully","timestamp":"2026-02-28T04:26:13.965Z"}
{"level":"info","message":"Connected to Redis successfully","timestamp":"2026-02-28T04:26:30.572Z"}
{"level":"info","message":"MongoDB connected successfully","timestamp":"2026-02-28T04:26:31.289Z"}
{"level":"info","message":"Connected to Redis successfully","timestamp":"2026-02-28T04:26:56.765Z"}
{"level":"info","message":"MongoDB connected successfully","timestamp":"2026-02-28T04:26:57.646Z"}
{"level":"info","message":"Connected to Redis successfully","timestamp":"2026-02-28T04:27:04.521Z"}
{"level":"info","message":"MongoDB connected successfully","timestamp":"2026-02-28T04:27:05.138Z"}
{"level":"info","message":"Connected to Redis successfully","timestamp":"2026-02-28T04:27:13.309Z"}
{"level":"info","message":"MongoDB connected successfully","timestamp":"2026-02-28T04:27:14.171Z"}
{"level":"info","message":"Connected to Redis successfully","timestamp":"2026-02-28T04:27:50.951Z"}
{"level":"info","message":"MongoDB connected successfully","timestamp":"2026-02-28T04:27:51.616Z"}
{"level":"info","message":"Item 69847ce6d2873bd627d7e7a4 added to cart for user 696c9df0edd52a597164052c","timestamp":"2026-02-28T04:28:02.584Z"}
{"level":"info","message":"User 696c9df0edd52a597164052c added item to cart","timestamp":"2026-02-28T04:28:02.589Z"}
{"level":"info","message":"Item 6982d311c2eea4abdc25d383 added to cart for user 696c9df0edd52a597164052c","timestamp":"2026-02-28T04:28:05.568Z"}
{"level":"info","message":"User 696c9df0edd52a597164052c added item to cart","timestamp":"2026-02-28T04:28:05.572Z"}
{"level":"info","message":"Item 697b6cb46f9ac4cba6227e94 added to cart for user 696c9df0edd52a597164052c","timestamp":"2026-02-28T04:28:09.346Z"}
{"level":"info","message":"User 696c9df0edd52a597164052c added item to cart","timestamp":"2026-02-28T04:28:09.349Z"}
{"level":"info","message":"Cart and summary calculated for user: 696c9df0edd52a597164052c","timestamp":"2026-02-28T04:28:11.332Z"}
{"level":"info","message":"Cart and summary successfully fetched for user: 696c9df0edd52a597164052c","timestamp":"2026-02-28T04:28:11.334Z"}
{"level":"info","message":"Cart and summary calculated for user: 696c9df0edd52a597164052c","timestamp":"2026-02-28T04:28:17.055Z"}
{"level":"info","message":"Cart and summary successfully fetched for user: 696c9df0edd52a597164052c","timestamp":"2026-02-28T04:28:17.055Z"}
{"level":"info","message":"Verification images (3) uploaded by user 696c9df0edd52a597164052c for item 69847ce6d2873bd627d7e7a4","timestamp":"2026-02-28T04:28:30.773Z"}
{"level":"info","message":"User 696c9df0edd52a597164052c uploaded 3 verification images for item 69847ce6d2873bd627d7e7a4","timestamp":"2026-02-28T04:28:30.773Z"}
{"level":"info","message":"Cart and summary calculated for user: 696c9df0edd52a597164052c","timestamp":"2026-02-28T04:28:31.210Z"}
{"level":"info","message":"Cart and summary successfully fetched for user: 696c9df0edd52a597164052c","timestamp":"2026-02-28T04:28:31.211Z"}
{"level":"info","message":"Verification images (3) uploaded by user 696c9df0edd52a597164052c for item 697b6cb46f9ac4cba6227e94","timestamp":"2026-02-28T04:28:46.645Z"}
{"level":"info","message":"User 696c9df0edd52a597164052c uploaded 3 verification images for item 697b6cb46f9ac4cba6227e94","timestamp":"2026-02-28T04:28:46.646Z"}
{"level":"info","message":"Cart and summary calculated for user: 696c9df0edd52a597164052c","timestamp":"2026-02-28T04:28:46.924Z"}
{"level":"info","message":"Cart and summary successfully fetched for user: 696c9df0edd52a597164052c","timestamp":"2026-02-28T04:28:46.925Z"}
{"level":"info","message":"Cart and summary calculated for user: 696c9df0edd52a597164052c","timestamp":"2026-02-28T04:28:54.743Z"}
{"level":"info","message":"Cart and summary successfully fetched for user: 696c9df0edd52a597164052c","timestamp":"2026-02-28T04:28:54.744Z"}
{"level":"info","message":"Received order creation request for user 696c9df0edd52a597164052c","timestamp":"2026-02-28T04:28:57.748Z"}
{"level":"info","message":"Cart and summary calculated for user: 696c9df0edd52a597164052c","timestamp":"2026-02-28T04:28:57.949Z"}
{"level":"info","message":"Order created successfully for user 696c9df0edd52a597164052c. Order ID: #ORD-938074","timestamp":"2026-02-28T04:28:58.252Z"}
{"level":"info","message":"Cart and summary successfully fetched for user: 696c9df0edd52a597164052c","timestamp":"2026-02-28T04:28:58.382Z"}
{"level":"info","message":"Request received: Get orders for user 696c9df0edd52a597164052c","timestamp":"2026-02-28T04:29:12.895Z"}
{"level":"info","message":"Fetched 20 orders for user 696c9df0edd52a597164052c","timestamp":"2026-02-28T04:29:13.069Z"}
{"level":"error","message":"jwt expired","stack":"TokenExpiredError: jwt expired\n    at C:\\Users\\aswat\\OneDrive\\Documents\\BinIt Project\\binit-project\\backend\\node_modules\\jsonwebtoken\\verify.js:190:21\n    at getSecret (C:\\Users\\aswat\\OneDrive\\Documents\\BinIt Project\\binit-project\\backend\\node_modules\\jsonwebtoken\\verify.js:97:14)\n    at module.exports [as verify] (C:\\Users\\aswat\\OneDrive\\Documents\\BinIt Project\\binit-project\\backend\\node_modules\\jsonwebtoken\\verify.js:101:10)\n    at verifyAccessToken (file:///C:/Users/aswat/OneDrive/Documents/BinIt%20Project/binit-project/backend/src/utils/jwt.js:55:16)\n    at authenticateUser (file:///C:/Users/aswat/OneDrive/Documents/BinIt%20Project/binit-project/backend/src/middlewares/user/authenticate-user.js:16:24)\n    at Layer.handleRequest (C:\\Users\\aswat\\OneDrive\\Documents\\BinIt Project\\binit-project\\backend\\node_modules\\router\\lib\\layer.js:152:17)\n    at trimPrefix (C:\\Users\\aswat\\OneDrive\\Documents\\BinIt Project\\binit-project\\backend\\node_modules\\router\\index.js:342:13)\n    at C:\\Users\\aswat\\OneDrive\\Documents\\BinIt Project\\binit-project\\backend\\node_modules\\router\\index.js:297:9\n    at processParams (C:\\Users\\aswat\\OneDrive\\Documents\\BinIt Project\\binit-project\\backend\\node_modules\\router\\index.js:582:12)\n    at next (C:\\Users\\aswat\\OneDrive\\Documents\\BinIt Project\\binit-project\\backend\\node_modules\\router\\index.js:291:5)","timestamp":"2026-02-28T04:29:44.787Z"}
{"level":"info","message":"Request received: Get orders for user 696c9df0edd52a597164052c","timestamp":"2026-02-28T04:29:45.069Z"}
{"level":"info","message":"Fetched 20 orders for user 696c9df0edd52a597164052c","timestamp":"2026-02-28T04:29:45.249Z"}
{"level":"info","message":"Request received: Get orders for user 696c9df0edd52a597164052c","timestamp":"2026-02-28T04:30:08.334Z"}
{"level":"info","message":"Fetched 20 orders for user 696c9df0edd52a597164052c","timestamp":"2026-02-28T04:30:08.504Z"}
{"level":"info","message":"Request received: Get orders for user 696c9df0edd52a597164052c","timestamp":"2026-02-28T04:30:23.046Z"}
{"level":"info","message":"Fetched 20 orders for user 696c9df0edd52a597164052c","timestamp":"2026-02-28T04:30:23.200Z"}
{"level":"info","message":"Request received: Get orders for user 696c9df0edd52a597164052c","timestamp":"2026-02-28T04:30:27.332Z"}
{"level":"info","message":"Fetched 20 orders for user 696c9df0edd52a597164052c","timestamp":"2026-02-28T04:30:27.467Z"}
{"level":"info","message":"Request received: Get details for order #ORD-938074 by user 696c9df0edd52a597164052c","timestamp":"2026-02-28T04:30:28.542Z"}
{"level":"info","message":"Successfully fetched details for order #ORD-938074 by user 696c9df0edd52a597164052c","timestamp":"2026-02-28T04:30:28.642Z"}
{"level":"info","message":"Request received: Get details for order #ORD-938074 by user 696c9df0edd52a597164052c","timestamp":"2026-02-28T04:30:38.979Z"}
{"level":"info","message":"Successfully fetched details for order #ORD-938074 by user 696c9df0edd52a597164052c","timestamp":"2026-02-28T04:30:39.077Z"}
{"level":"info","message":"Request received: Get details for order #ORD-938074 by user 696c9df0edd52a597164052c","timestamp":"2026-02-28T04:31:26.067Z"}
{"level":"info","message":"Successfully fetched details for order #ORD-938074 by user 696c9df0edd52a597164052c","timestamp":"2026-02-28T04:31:26.193Z"}
{"level":"info","message":"Request received: Get details for order #ORD-938074 by user 696c9df0edd52a597164052c","timestamp":"2026-02-28T04:31:48.888Z"}
{"level":"info","message":"Successfully fetched details for order #ORD-938074 by user 696c9df0edd52a597164052c","timestamp":"2026-02-28T04:31:48.975Z"}
{"level":"info","message":"Request received: Get details for order #ORD-938074 by user 696c9df0edd52a597164052c","timestamp":"2026-02-28T04:31:49.896Z"}
{"level":"info","message":"Successfully fetched details for order #ORD-938074 by user 696c9df0edd52a597164052c","timestamp":"2026-02-28T04:31:50.004Z"}
{"level":"info","message":"Request received: Get details for order #ORD-938074 by user 696c9df0edd52a597164052c","timestamp":"2026-02-28T04:31:52.905Z"}
{"level":"info","message":"Successfully fetched details for order #ORD-938074 by user 696c9df0edd52a597164052c","timestamp":"2026-02-28T04:31:52.998Z"}
{"level":"info","message":"Request received: Get details for order #ORD-938074 by user 696c9df0edd52a597164052c","timestamp":"2026-02-28T04:31:54.866Z"}
{"level":"info","message":"Successfully fetched details for order #ORD-938074 by user 696c9df0edd52a597164052c","timestamp":"2026-02-28T04:31:54.964Z"}
{"level":"info","message":"Request received: Get details for order #ORD-938074 by user 696c9df0edd52a597164052c","timestamp":"2026-02-28T04:31:55.859Z"}
{"level":"info","message":"Successfully fetched details for order #ORD-938074 by user 696c9df0edd52a597164052c","timestamp":"2026-02-28T04:31:56.018Z"}
{"level":"info","message":"Request received: Get details for order #ORD-938074 by user 696c9df0edd52a597164052c","timestamp":"2026-02-28T04:31:57.920Z"}
{"level":"info","message":"Successfully fetched details for order #ORD-938074 by user 696c9df0edd52a597164052c","timestamp":"2026-02-28T04:31:58.012Z"}
{"level":"info","message":"Request received: Get details for order #ORD-938074 by user 696c9df0edd52a597164052c","timestamp":"2026-02-28T04:32:00.035Z"}
{"level":"info","message":"Successfully fetched details for order #ORD-938074 by user 696c9df0edd52a597164052c","timestamp":"2026-02-28T04:32:00.329Z"}
{"level":"info","message":"Request received: Get details for order #ORD-938074 by user 696c9df0edd52a597164052c","timestamp":"2026-02-28T04:32:22.502Z"}
{"level":"info","message":"Successfully fetched details for order #ORD-938074 by user 696c9df0edd52a597164052c","timestamp":"2026-02-28T04:32:22.594Z"}
{"level":"info","message":"Request received: Get details for order #ORD-938074 by user 696c9df0edd52a597164052c","timestamp":"2026-02-28T04:32:36.880Z"}
{"level":"info","message":"Successfully fetched details for order #ORD-938074 by user 696c9df0edd52a597164052c","timestamp":"2026-02-28T04:32:36.968Z"}
{"level":"info","message":"Request received: Get details for order #ORD-938074 by user 696c9df0edd52a597164052c","timestamp":"2026-02-28T04:32:38.892Z"}
{"level":"info","message":"Successfully fetched details for order #ORD-938074 by user 696c9df0edd52a597164052c","timestamp":"2026-02-28T04:32:38.969Z"}
{"level":"info","message":"Request received: Get details for order #ORD-938074 by user 696c9df0edd52a597164052c","timestamp":"2026-02-28T04:32:40.930Z"}
{"level":"info","message":"Successfully fetched details for order #ORD-938074 by user 696c9df0edd52a597164052c","timestamp":"2026-02-28T04:32:41.034Z"}
{"level":"info","message":"Request received: Get details for order #ORD-938074 by user 696c9df0edd52a597164052c","timestamp":"2026-02-28T04:32:43.864Z"}
{"level":"info","message":"Successfully fetched details for order #ORD-938074 by user 696c9df0edd52a597164052c","timestamp":"2026-02-28T04:32:43.973Z"}
{"level":"info","message":"Request received: Get details for order #ORD-938074 by user 696c9df0edd52a597164052c","timestamp":"2026-02-28T04:32:44.889Z"}
{"level":"info","message":"Successfully fetched details for order #ORD-938074 by user 696c9df0edd52a597164052c","timestamp":"2026-02-28T04:32:44.974Z"}
{"level":"info","message":"Request received: Get details for order #ORD-938074 by user 696c9df0edd52a597164052c","timestamp":"2026-02-28T04:32:52.216Z"}
{"level":"info","message":"Successfully fetched details for order #ORD-938074 by user 696c9df0edd52a597164052c","timestamp":"2026-02-28T04:32:52.381Z"}
{"level":"info","message":"Request received: Get details for order #ORD-938074 by user 696c9df0edd52a597164052c","timestamp":"2026-02-28T04:32:56.717Z"}
{"level":"info","message":"Successfully fetched details for order #ORD-938074 by user 696c9df0edd52a597164052c","timestamp":"2026-02-28T04:32:56.871Z"}
{"level":"info","message":"Request received: Get details for order #ORD-938074 by user 696c9df0edd52a597164052c","timestamp":"2026-02-28T04:33:08.859Z"}
{"level":"info","message":"Successfully fetched details for order #ORD-938074 by user 696c9df0edd52a597164052c","timestamp":"2026-02-28T04:33:08.940Z"}
{"level":"info","message":"Request received: Get details for order #ORD-938074 by user 696c9df0edd52a597164052c","timestamp":"2026-02-28T04:33:09.875Z"}
{"level":"info","message":"Successfully fetched details for order #ORD-938074 by user 696c9df0edd52a597164052c","timestamp":"2026-02-28T04:33:10.114Z"}
{"level":"info","message":"Request received: Get details for order #ORD-938074 by user 696c9df0edd52a597164052c","timestamp":"2026-02-28T04:33:12.973Z"}
{"level":"info","message":"Successfully fetched details for order #ORD-938074 by user 696c9df0edd52a597164052c","timestamp":"2026-02-28T04:33:13.055Z"}
{"level":"info","message":"Request received: Get details for order #ORD-938074 by user 696c9df0edd52a597164052c","timestamp":"2026-02-28T04:33:14.898Z"}
{"level":"info","message":"Successfully fetched details for order #ORD-938074 by user 696c9df0edd52a597164052c","timestamp":"2026-02-28T04:33:15.032Z"}
{"level":"info","message":"Request received: Get details for order #ORD-938074 by user 696c9df0edd52a597164052c","timestamp":"2026-02-28T04:33:15.862Z"}
{"level":"info","message":"Successfully fetched details for order #ORD-938074 by user 696c9df0edd52a597164052c","timestamp":"2026-02-28T04:33:15.955Z"}
{"level":"info","message":"Request received: Get details for order #ORD-938074 by user 696c9df0edd52a597164052c","timestamp":"2026-02-28T04:33:18.973Z"}
{"level":"info","message":"Successfully fetched details for order #ORD-938074 by user 696c9df0edd52a597164052c","timestamp":"2026-02-28T04:33:19.053Z"}
{"level":"info","message":"Request received: Get details for order #ORD-938074 by user 696c9df0edd52a597164052c","timestamp":"2026-02-28T04:33:19.853Z"}
{"level":"info","message":"Successfully fetched details for order #ORD-938074 by user 696c9df0edd52a597164052c","timestamp":"2026-02-28T04:33:19.986Z"}
{"level":"info","message":"Request received: Get details for order #ORD-938074 by user 696c9df0edd52a597164052c","timestamp":"2026-02-28T04:33:23.883Z"}
{"level":"info","message":"Successfully fetched details for order #ORD-938074 by user 696c9df0edd52a597164052c","timestamp":"2026-02-28T04:33:23.979Z"}
{"level":"info","message":"Request received: Get details for order #ORD-938074 by user 696c9df0edd52a597164052c","timestamp":"2026-02-28T04:33:40.890Z"}
{"level":"info","message":"Successfully fetched details for order #ORD-938074 by user 696c9df0edd52a597164052c","timestamp":"2026-02-28T04:33:41.000Z"}
{"level":"info","message":"Request received: Get details for order #ORD-938074 by user 696c9df0edd52a597164052c","timestamp":"2026-02-28T04:34:06.880Z"}
{"level":"info","message":"Successfully fetched details for order #ORD-938074 by user 696c9df0edd52a597164052c","timestamp":"2026-02-28T04:34:06.970Z"}
{"level":"info","message":"Request received: Get details for order #ORD-938074 by user 696c9df0edd52a597164052c","timestamp":"2026-02-28T04:34:10.886Z"}
{"level":"info","message":"Successfully fetched details for order #ORD-938074 by user 696c9df0edd52a597164052c","timestamp":"2026-02-28T04:34:10.987Z"}
{"level":"info","message":"Request received: Get details for order #ORD-938074 by user 696c9df0edd52a597164052c","timestamp":"2026-02-28T04:34:13.846Z"}
{"level":"info","message":"Successfully fetched details for order #ORD-938074 by user 696c9df0edd52a597164052c","timestamp":"2026-02-28T04:34:14.096Z"}
{"level":"info","message":"Request received: Get details for order #ORD-938074 by user 696c9df0edd52a597164052c","timestamp":"2026-02-28T04:34:18.227Z"}
{"level":"info","message":"Successfully fetched details for order #ORD-938074 by user 696c9df0edd52a597164052c","timestamp":"2026-02-28T04:34:18.374Z"}
{"level":"info","message":"Request received: Get details for order #ORD-938074 by user 696c9df0edd52a597164052c","timestamp":"2026-02-28T04:34:26.096Z"}
{"level":"info","message":"Successfully fetched details for order #ORD-938074 by user 696c9df0edd52a597164052c","timestamp":"2026-02-28T04:34:26.178Z"}
{"level":"info","message":"Request received: Get details for order #ORD-938074 by user 696c9df0edd52a597164052c","timestamp":"2026-02-28T04:34:27.913Z"}
{"level":"info","message":"Successfully fetched details for order #ORD-938074 by user 696c9df0edd52a597164052c","timestamp":"2026-02-28T04:34:27.990Z"}
{"level":"info","message":"Request received: Get details for order #ORD-938074 by user 696c9df0edd52a597164052c","timestamp":"2026-02-28T04:34:29.860Z"}
{"level":"info","message":"Successfully fetched details for order #ORD-938074 by user 696c9df0edd52a597164052c","timestamp":"2026-02-28T04:34:29.964Z"}
{"level":"info","message":"Request received: Get details for order #ORD-938074 by user 696c9df0edd52a597164052c","timestamp":"2026-02-28T04:34:51.724Z"}
{"level":"info","message":"Successfully fetched details for order #ORD-938074 by user 696c9df0edd52a597164052c","timestamp":"2026-02-28T04:34:51.861Z"}
{"level":"info","message":"Request received: Get details for order #ORD-938074 by user 696c9df0edd52a597164052c","timestamp":"2026-02-28T04:34:58.000Z"}
{"level":"info","message":"Successfully fetched details for order #ORD-938074 by user 696c9df0edd52a597164052c","timestamp":"2026-02-28T04:34:58.140Z"}
{"level":"info","message":"Request received: Get details for order #ORD-938074 by user 696c9df0edd52a597164052c","timestamp":"2026-02-28T04:35:00.915Z"}
{"level":"info","message":"Successfully fetched details for order #ORD-938074 by user 696c9df0edd52a597164052c","timestamp":"2026-02-28T04:35:01.009Z"}
{"level":"info","message":"Request received: Get details for order #ORD-938074 by user 696c9df0edd52a597164052c","timestamp":"2026-02-28T04:35:01.730Z"}
{"level":"info","message":"Successfully fetched details for order #ORD-938074 by user 696c9df0edd52a597164052c","timestamp":"2026-02-28T04:35:01.840Z"}
{"level":"info","message":"Request received: Get details for order #ORD-938074 by user 696c9df0edd52a597164052c","timestamp":"2026-02-28T04:35:05.383Z"}
{"level":"info","message":"Successfully fetched details for order #ORD-938074 by user 696c9df0edd52a597164052c","timestamp":"2026-02-28T04:35:05.519Z"}
{"level":"info","message":"Request received: Get details for order #ORD-938074 by user 696c9df0edd52a597164052c","timestamp":"2026-02-28T04:35:13.076Z"}
{"level":"info","message":"Successfully fetched details for order #ORD-938074 by user 696c9df0edd52a597164052c","timestamp":"2026-02-28T04:35:13.169Z"}
{"level":"info","message":"Request received: Get details for order #ORD-938074 by user 696c9df0edd52a597164052c","timestamp":"2026-02-28T04:35:13.942Z"}
{"level":"info","message":"Successfully fetched details for order #ORD-938074 by user 696c9df0edd52a597164052c","timestamp":"2026-02-28T04:35:14.039Z"}
{"level":"info","message":"Request received: Get details for order #ORD-938074 by user 696c9df0edd52a597164052c","timestamp":"2026-02-28T04:35:15.922Z"}
{"level":"info","message":"Successfully fetched details for order #ORD-938074 by user 696c9df0edd52a597164052c","timestamp":"2026-02-28T04:35:16.018Z"}
{"level":"info","message":"Request received: Get details for order #ORD-938074 by user 696c9df0edd52a597164052c","timestamp":"2026-02-28T04:35:16.929Z"}
{"level":"info","message":"Successfully fetched details for order #ORD-938074 by user 696c9df0edd52a597164052c","timestamp":"2026-02-28T04:35:17.060Z"}
{"level":"info","message":"Request received: Get details for order #ORD-938074 by user 696c9df0edd52a597164052c","timestamp":"2026-02-28T04:35:18.838Z"}
{"level":"info","message":"Successfully fetched details for order #ORD-938074 by user 696c9df0edd52a597164052c","timestamp":"2026-02-28T04:35:18.991Z"}
{"level":"info","message":"Request received: Get details for order #ORD-938074 by user 696c9df0edd52a597164052c","timestamp":"2026-02-28T04:35:38.857Z"}
{"level":"info","message":"Successfully fetched details for order #ORD-938074 by user 696c9df0edd52a597164052c","timestamp":"2026-02-28T04:35:38.947Z"}
{"level":"info","message":"Request received: Get details for order #ORD-938074 by user 696c9df0edd52a597164052c","timestamp":"2026-02-28T04:35:40.933Z"}
{"level":"info","message":"Successfully fetched details for order #ORD-938074 by user 696c9df0edd52a597164052c","timestamp":"2026-02-28T04:35:41.023Z"}
{"level":"info","message":"Request received: Get details for order #ORD-938074 by user 696c9df0edd52a597164052c","timestamp":"2026-02-28T04:35:44.873Z"}
{"level":"info","message":"Successfully fetched details for order #ORD-938074 by user 696c9df0edd52a597164052c","timestamp":"2026-02-28T04:35:44.975Z"}
{"level":"info","message":"Request received: Get details for order #ORD-938074 by user 696c9df0edd52a597164052c","timestamp":"2026-02-28T04:35:45.866Z"}
{"level":"info","message":"Successfully fetched details for order #ORD-938074 by user 696c9df0edd52a597164052c","timestamp":"2026-02-28T04:35:45.953Z"}
{"level":"info","message":"Request received: Get details for order #ORD-938074 by user 696c9df0edd52a597164052c","timestamp":"2026-02-28T04:35:46.868Z"}
{"level":"info","message":"Successfully fetched details for order #ORD-938074 by user 696c9df0edd52a597164052c","timestamp":"2026-02-28T04:35:46.954Z"}
{"level":"info","message":"Request received: Get details for order #ORD-938074 by user 696c9df0edd52a597164052c","timestamp":"2026-02-28T04:35:49.954Z"}
{"level":"info","message":"Successfully fetched details for order #ORD-938074 by user 696c9df0edd52a597164052c","timestamp":"2026-02-28T04:35:50.075Z"}
{"level":"info","message":"Request received: Get details for order #ORD-938074 by user 696c9df0edd52a597164052c","timestamp":"2026-02-28T04:42:12.011Z"}
{"level":"info","message":"Successfully fetched details for order #ORD-938074 by user 696c9df0edd52a597164052c","timestamp":"2026-02-28T04:42:12.129Z"}
{"level":"info","message":"Request received: Get orders for user 696c9df0edd52a597164052c","timestamp":"2026-02-28T04:42:20.876Z"}
{"level":"info","message":"Fetched 20 orders for user 696c9df0edd52a597164052c","timestamp":"2026-02-28T04:42:21.004Z"}
{"level":"info","message":"Request received: Get details for order #ORD-938074 by user 696c9df0edd52a597164052c","timestamp":"2026-02-28T04:42:23.353Z"}
{"level":"info","message":"Successfully fetched details for order #ORD-938074 by user 696c9df0edd52a597164052c","timestamp":"2026-02-28T04:42:23.457Z"}
{"level":"info","message":"Request received: Get orders for user 696c9df0edd52a597164052c","timestamp":"2026-02-28T04:44:01.438Z"}
{"level":"info","message":"Fetched 20 orders for user 696c9df0edd52a597164052c","timestamp":"2026-02-28T04:44:01.640Z"}
{"level":"info","message":"Request received: Get orders for user 696c9df0edd52a597164052c","timestamp":"2026-02-28T04:44:25.276Z"}
{"level":"info","message":"Fetched 20 orders for user 696c9df0edd52a597164052c","timestamp":"2026-02-28T04:44:25.409Z"}
{"level":"info","message":"Request received: Get details for order #ORD-938074 by user 696c9df0edd52a597164052c","timestamp":"2026-02-28T04:44:28.729Z"}
{"level":"info","message":"Successfully fetched details for order #ORD-938074 by user 696c9df0edd52a597164052c","timestamp":"2026-02-28T04:44:28.820Z"}
{"level":"info","message":"Request received: Get orders for user 696c9df0edd52a597164052c","timestamp":"2026-02-28T04:44:32.559Z"}
{"level":"info","message":"Fetched 20 orders for user 696c9df0edd52a597164052c","timestamp":"2026-02-28T04:44:32.660Z"}
{"level":"error","message":"jwt expired","stack":"TokenExpiredError: jwt expired\n    at C:\\Users\\aswat\\OneDrive\\Documents\\BinIt Project\\binit-project\\backend\\node_modules\\jsonwebtoken\\verify.js:190:21\n    at getSecret (C:\\Users\\aswat\\OneDrive\\Documents\\BinIt Project\\binit-project\\backend\\node_modules\\jsonwebtoken\\verify.js:97:14)\n    at module.exports [as verify] (C:\\Users\\aswat\\OneDrive\\Documents\\BinIt Project\\binit-project\\backend\\node_modules\\jsonwebtoken\\verify.js:101:10)\n    at verifyAccessToken (file:///C:/Users/aswat/OneDrive/Documents/BinIt%20Project/binit-project/backend/src/utils/jwt.js:55:16)\n    at authenticateUser (file:///C:/Users/aswat/OneDrive/Documents/BinIt%20Project/binit-project/backend/src/middlewares/user/authenticate-user.js:16:24)\n    at Layer.handleRequest (C:\\Users\\aswat\\OneDrive\\Documents\\BinIt Project\\binit-project\\backend\\node_modules\\router\\lib\\layer.js:152:17)\n    at trimPrefix (C:\\Users\\aswat\\OneDrive\\Documents\\BinIt Project\\binit-project\\backend\\node_modules\\router\\index.js:342:13)\n    at C:\\Users\\aswat\\OneDrive\\Documents\\BinIt Project\\binit-project\\backend\\node_modules\\router\\index.js:297:9\n    at processParams (C:\\Users\\aswat\\OneDrive\\Documents\\BinIt Project\\binit-project\\backend\\node_modules\\router\\index.js:582:12)\n    at next (C:\\Users\\aswat\\OneDrive\\Documents\\BinIt Project\\binit-project\\backend\\node_modules\\router\\index.js:291:5)","timestamp":"2026-02-28T04:46:25.009Z"}
{"level":"info","message":"Request received: Get orders for user 696c9df0edd52a597164052c","timestamp":"2026-02-28T04:46:25.352Z"}
{"level":"info","message":"Fetched 20 orders for user 696c9df0edd52a597164052c","timestamp":"2026-02-28T04:46:25.488Z"}
{"level":"info","message":"Request received: Get orders for user 696c9df0edd52a597164052c","timestamp":"2026-02-28T04:47:00.918Z"}
{"level":"info","message":"Fetched 20 orders for user 696c9df0edd52a597164052c","timestamp":"2026-02-28T04:47:01.055Z"}
{"level":"info","message":"Connected to Redis successfully","timestamp":"2026-02-28T04:50:28.938Z"}
{"level":"info","message":"MongoDB connected successfully","timestamp":"2026-02-28T04:50:29.906Z"}
{"level":"info","message":"Request received: Get orders for user 696c9df0edd52a597164052c","timestamp":"2026-02-28T04:50:38.782Z"}
{"level":"info","message":"Fetched 20 orders for user 696c9df0edd52a597164052c","timestamp":"2026-02-28T04:50:39.017Z"}
{"level":"error","message":"Admin access required.","stack":"Error: Admin access required.\n    at verifyAdminToken (file:///C:/Users/aswat/OneDrive/Documents/BinIt%20Project/binit-project/backend/src/middlewares/admin/authenticate-admin.js:12:11)\n    at Layer.handleRequest (C:\\Users\\aswat\\OneDrive\\Documents\\BinIt Project\\binit-project\\backend\\node_modules\\router\\lib\\layer.js:152:17)\n    at trimPrefix (C:\\Users\\aswat\\OneDrive\\Documents\\BinIt Project\\binit-project\\backend\\node_modules\\router\\index.js:342:13)\n    at C:\\Users\\aswat\\OneDrive\\Documents\\BinIt Project\\binit-project\\backend\\node_modules\\router\\index.js:297:9\n    at processParams (C:\\Users\\aswat\\OneDrive\\Documents\\BinIt Project\\binit-project\\backend\\node_modules\\router\\index.js:582:12)\n    at next (C:\\Users\\aswat\\OneDrive\\Documents\\BinIt Project\\binit-project\\backend\\node_modules\\router\\index.js:291:5)\n    at Function.handle (C:\\Users\\aswat\\OneDrive\\Documents\\BinIt Project\\binit-project\\backend\\node_modules\\router\\index.js:186:3)\n    at router (C:\\Users\\aswat\\OneDrive\\Documents\\BinIt Project\\binit-project\\backend\\node_modules\\router\\index.js:60:12)\n    at Layer.handleRequest (C:\\Users\\aswat\\OneDrive\\Documents\\BinIt Project\\binit-project\\backend\\node_modules\\router\\lib\\layer.js:152:17)\n    at trimPrefix (C:\\Users\\aswat\\OneDrive\\Documents\\BinIt Project\\binit-project\\backend\\node_modules\\router\\index.js:342:13)","timestamp":"2026-02-28T04:50:42.540Z"}
{"level":"info","message":"Item 69847ce6d2873bd627d7e7a4 added to cart for user 696c9df0edd52a597164052c","timestamp":"2026-02-28T04:50:48.418Z"}
{"level":"info","message":"User 696c9df0edd52a597164052c added item to cart","timestamp":"2026-02-28T04:50:48.425Z"}
{"level":"info","message":"Item 6982d63ac2eea4abdc25d3cd added to cart for user 696c9df0edd52a597164052c","timestamp":"2026-02-28T04:50:49.617Z"}
{"level":"info","message":"User 696c9df0edd52a597164052c added item to cart","timestamp":"2026-02-28T04:50:49.623Z"}
{"level":"info","message":"Item 697b6cb46f9ac4cba6227e94 added to cart for user 696c9df0edd52a597164052c","timestamp":"2026-02-28T04:50:53.214Z"}
{"level":"info","message":"User 696c9df0edd52a597164052c added item to cart","timestamp":"2026-02-28T04:50:53.217Z"}
{"level":"info","message":"Cart and summary calculated for user: 696c9df0edd52a597164052c","timestamp":"2026-02-28T04:50:55.197Z"}
{"level":"info","message":"Cart and summary successfully fetched for user: 696c9df0edd52a597164052c","timestamp":"2026-02-28T04:50:55.198Z"}
{"level":"info","message":"Cart and summary calculated for user: 696c9df0edd52a597164052c","timestamp":"2026-02-28T04:51:04.962Z"}
{"level":"info","message":"Cart and summary successfully fetched for user: 696c9df0edd52a597164052c","timestamp":"2026-02-28T04:51:04.962Z"}
{"level":"info","message":"Verification images (3) uploaded by user 696c9df0edd52a597164052c for item 69847ce6d2873bd627d7e7a4","timestamp":"2026-02-28T04:51:18.558Z"}
{"level":"info","message":"User 696c9df0edd52a597164052c uploaded 3 verification images for item 69847ce6d2873bd627d7e7a4","timestamp":"2026-02-28T04:51:18.559Z"}
{"level":"info","message":"Cart and summary calculated for user: 696c9df0edd52a597164052c","timestamp":"2026-02-28T04:51:18.893Z"}
{"level":"info","message":"Cart and summary successfully fetched for user: 696c9df0edd52a597164052c","timestamp":"2026-02-28T04:51:18.894Z"}
{"level":"info","message":"Verification images (3) uploaded by user 696c9df0edd52a597164052c for item 697b6cb46f9ac4cba6227e94","timestamp":"2026-02-28T04:51:32.346Z"}
{"level":"info","message":"User 696c9df0edd52a597164052c uploaded 3 verification images for item 697b6cb46f9ac4cba6227e94","timestamp":"2026-02-28T04:51:32.347Z"}
{"level":"info","message":"Cart and summary calculated for user: 696c9df0edd52a597164052c","timestamp":"2026-02-28T04:51:32.655Z"}
{"level":"info","message":"Cart and summary successfully fetched for user: 696c9df0edd52a597164052c","timestamp":"2026-02-28T04:51:32.656Z"}
{"level":"info","message":"Cart and summary calculated for user: 696c9df0edd52a597164052c","timestamp":"2026-02-28T04:51:42.807Z"}
{"level":"info","message":"Cart and summary successfully fetched for user: 696c9df0edd52a597164052c","timestamp":"2026-02-28T04:51:42.808Z"}
{"level":"info","message":"Received order creation request for user 696c9df0edd52a597164052c","timestamp":"2026-02-28T04:51:47.995Z"}
{"level":"info","message":"Cart and summary calculated for user: 696c9df0edd52a597164052c","timestamp":"2026-02-28T04:51:48.141Z"}
{"level":"info","message":"Order created successfully for user 696c9df0edd52a597164052c. Order ID: #ORD-308192","timestamp":"2026-02-28T04:51:48.325Z"}
{"level":"info","message":"Cart and summary successfully fetched for user: 696c9df0edd52a597164052c","timestamp":"2026-02-28T04:51:48.439Z"}
{"level":"info","message":"Request received: Get orders for user 696c9df0edd52a597164052c","timestamp":"2026-02-28T04:52:40.139Z"}
{"level":"info","message":"Fetched 21 orders for user 696c9df0edd52a597164052c","timestamp":"2026-02-28T04:52:40.487Z"}
{"level":"info","message":"Connected to Redis successfully","timestamp":"2026-02-28T04:54:27.334Z"}
{"level":"info","message":"MongoDB connected successfully","timestamp":"2026-02-28T04:54:28.413Z"}
{"level":"info","message":"Item 69847ce6d2873bd627d7e7a4 added to cart for user 696c9df0edd52a597164052c","timestamp":"2026-02-28T04:54:33.859Z"}
{"level":"info","message":"User 696c9df0edd52a597164052c added item to cart","timestamp":"2026-02-28T04:54:33.862Z"}
{"level":"info","message":"Item 6982d63ac2eea4abdc25d3cd added to cart for user 696c9df0edd52a597164052c","timestamp":"2026-02-28T04:54:34.484Z"}
{"level":"info","message":"User 696c9df0edd52a597164052c added item to cart","timestamp":"2026-02-28T04:54:34.486Z"}
{"level":"info","message":"Item 697b6cb46f9ac4cba6227e94 added to cart for user 696c9df0edd52a597164052c","timestamp":"2026-02-28T04:54:38.209Z"}
{"level":"info","message":"User 696c9df0edd52a597164052c added item to cart","timestamp":"2026-02-28T04:54:38.211Z"}
{"level":"info","message":"Cart and summary calculated for user: 696c9df0edd52a597164052c","timestamp":"2026-02-28T04:54:40.525Z"}
{"level":"info","message":"Cart and summary successfully fetched for user: 696c9df0edd52a597164052c","timestamp":"2026-02-28T04:54:40.527Z"}
{"level":"info","message":"Cart and summary calculated for user: 696c9df0edd52a597164052c","timestamp":"2026-02-28T04:54:43.089Z"}
{"level":"info","message":"Cart and summary successfully fetched for user: 696c9df0edd52a597164052c","timestamp":"2026-02-28T04:54:43.089Z"}
{"level":"info","message":"Verification images (3) uploaded by user 696c9df0edd52a597164052c for item 69847ce6d2873bd627d7e7a4","timestamp":"2026-02-28T04:54:55.299Z"}
{"level":"info","message":"User 696c9df0edd52a597164052c uploaded 3 verification images for item 69847ce6d2873bd627d7e7a4","timestamp":"2026-02-28T04:54:55.300Z"}
{"level":"info","message":"Cart and summary calculated for user: 696c9df0edd52a597164052c","timestamp":"2026-02-28T04:54:55.534Z"}
{"level":"info","message":"Cart and summary successfully fetched for user: 696c9df0edd52a597164052c","timestamp":"2026-02-28T04:54:55.535Z"}
{"level":"info","message":"Verification images (3) uploaded by user 696c9df0edd52a597164052c for item 697b6cb46f9ac4cba6227e94","timestamp":"2026-02-28T04:55:13.840Z"}
{"level":"info","message":"User 696c9df0edd52a597164052c uploaded 3 verification images for item 697b6cb46f9ac4cba6227e94","timestamp":"2026-02-28T04:55:13.840Z"}
{"level":"info","message":"Cart and summary calculated for user: 696c9df0edd52a597164052c","timestamp":"2026-02-28T04:55:14.152Z"}
{"level":"info","message":"Cart and summary successfully fetched for user: 696c9df0edd52a597164052c","timestamp":"2026-02-28T04:55:14.152Z"}
{"level":"info","message":"Cart and summary calculated for user: 696c9df0edd52a597164052c","timestamp":"2026-02-28T04:55:23.558Z"}
{"level":"info","message":"Cart and summary successfully fetched for user: 696c9df0edd52a597164052c","timestamp":"2026-02-28T04:55:23.559Z"}
{"level":"info","message":"Received order creation request for user 696c9df0edd52a597164052c","timestamp":"2026-02-28T04:55:26.420Z"}
{"level":"info","message":"Cart and summary calculated for user: 696c9df0edd52a597164052c","timestamp":"2026-02-28T04:55:26.537Z"}
{"level":"info","message":"Order created successfully for user 696c9df0edd52a597164052c. Order ID: #ORD-526584","timestamp":"2026-02-28T04:55:26.688Z"}
{"level":"info","message":"Cart and summary successfully fetched for user: 696c9df0edd52a597164052c","timestamp":"2026-02-28T04:55:26.810Z"}
{"level":"info","message":"Request received: Get orders for user 696c9df0edd52a597164052c","timestamp":"2026-02-28T04:55:33.487Z"}
{"level":"info","message":"Fetched 22 orders for user 696c9df0edd52a597164052c","timestamp":"2026-02-28T04:55:33.609Z"}
{"level":"info","message":"Request received: Get orders for user 696c9df0edd52a597164052c","timestamp":"2026-02-28T04:56:11.557Z"}
{"level":"info","message":"Fetched 22 orders for user 696c9df0edd52a597164052c","timestamp":"2026-02-28T04:56:11.729Z"}
{"level":"info","message":"Request received: Get orders for user 696c9df0edd52a597164052c","timestamp":"2026-02-28T04:56:14.928Z"}
{"level":"info","message":"Fetched 22 orders for user 696c9df0edd52a597164052c","timestamp":"2026-02-28T04:56:15.031Z"}
{"level":"info","message":"Request received: Get orders for user 696c9df0edd52a597164052c","timestamp":"2026-02-28T04:56:55.879Z"}
{"level":"info","message":"Fetched 22 orders for user 696c9df0edd52a597164052c","timestamp":"2026-02-28T04:56:55.988Z"}
{"level":"info","message":"Request received: Get orders for user 696c9df0edd52a597164052c","timestamp":"2026-02-28T04:57:34.944Z"}
{"level":"info","message":"Fetched 22 orders for user 696c9df0edd52a597164052c","timestamp":"2026-02-28T04:57:35.018Z"}
{"level":"info","message":"Request received: Get orders for user 696c9df0edd52a597164052c","timestamp":"2026-02-28T04:57:37.862Z"}
{"level":"info","message":"Fetched 22 orders for user 696c9df0edd52a597164052c","timestamp":"2026-02-28T04:57:37.936Z"}
{"level":"info","message":"Request received: Get orders for user 696c9df0edd52a597164052c","timestamp":"2026-02-28T04:57:38.873Z"}
{"level":"info","message":"Fetched 22 orders for user 696c9df0edd52a597164052c","timestamp":"2026-02-28T04:57:38.949Z"}
{"level":"info","message":"Request received: Get orders for user 696c9df0edd52a597164052c","timestamp":"2026-02-28T04:57:59.905Z"}
{"level":"info","message":"Fetched 22 orders for user 696c9df0edd52a597164052c","timestamp":"2026-02-28T04:57:59.993Z"}
{"level":"info","message":"Request received: Get orders for user 696c9df0edd52a597164052c","timestamp":"2026-02-28T04:58:00.845Z"}
{"level":"info","message":"Fetched 22 orders for user 696c9df0edd52a597164052c","timestamp":"2026-02-28T04:58:00.932Z"}
{"level":"info","message":"Request received: Get orders for user 696c9df0edd52a597164052c","timestamp":"2026-02-28T04:58:01.857Z"}
{"level":"info","message":"Fetched 22 orders for user 696c9df0edd52a597164052c","timestamp":"2026-02-28T04:58:01.981Z"}
{"level":"info","message":"Request received: Get orders for user 696c9df0edd52a597164052c","timestamp":"2026-02-28T04:58:13.980Z"}
{"level":"info","message":"Fetched 22 orders for user 696c9df0edd52a597164052c","timestamp":"2026-02-28T04:58:14.143Z"}
{"level":"info","message":"Request received: Get orders for user 696c9df0edd52a597164052c","timestamp":"2026-02-28T04:58:27.077Z"}
{"level":"info","message":"Fetched 22 orders for user 696c9df0edd52a597164052c","timestamp":"2026-02-28T04:58:27.149Z"}
{"level":"info","message":"Request received: Get orders for user 696c9df0edd52a597164052c","timestamp":"2026-02-28T04:58:36.832Z"}
{"level":"info","message":"Fetched 22 orders for user 696c9df0edd52a597164052c","timestamp":"2026-02-28T04:58:36.907Z"}
{"level":"info","message":"Request received: Get orders for user 696c9df0edd52a597164052c","timestamp":"2026-02-28T04:58:49.623Z"}
{"level":"info","message":"Fetched 22 orders for user 696c9df0edd52a597164052c","timestamp":"2026-02-28T04:58:49.711Z"}
{"level":"info","message":"Request received: Get orders for user 696c9df0edd52a597164052c","timestamp":"2026-02-28T04:59:06.621Z"}
{"level":"info","message":"Fetched 22 orders for user 696c9df0edd52a597164052c","timestamp":"2026-02-28T04:59:06.696Z"}
{"level":"info","message":"Request received: Get orders for user 696c9df0edd52a597164052c","timestamp":"2026-02-28T04:59:23.860Z"}
{"level":"info","message":"Fetched 22 orders for user 696c9df0edd52a597164052c","timestamp":"2026-02-28T04:59:23.944Z"}
{"level":"info","message":"Request received: Get orders for user 696c9df0edd52a597164052c","timestamp":"2026-02-28T04:59:28.792Z"}
{"level":"info","message":"Fetched 22 orders for user 696c9df0edd52a597164052c","timestamp":"2026-02-28T04:59:28.882Z"}
{"level":"info","message":"Request received: Get orders for user 696c9df0edd52a597164052c","timestamp":"2026-02-28T04:59:32.020Z"}
{"level":"info","message":"Fetched 22 orders for user 696c9df0edd52a597164052c","timestamp":"2026-02-28T04:59:32.122Z"}
{"level":"info","message":"Request received: Get orders for user 696c9df0edd52a597164052c","timestamp":"2026-02-28T04:59:35.869Z"}
{"level":"info","message":"Fetched 22 orders for user 696c9df0edd52a597164052c","timestamp":"2026-02-28T04:59:35.951Z"}
{"level":"info","message":"Request received: Get orders for user 696c9df0edd52a597164052c","timestamp":"2026-02-28T04:59:36.684Z"}
{"level":"info","message":"Fetched 22 orders for user 696c9df0edd52a597164052c","timestamp":"2026-02-28T04:59:36.831Z"}
{"level":"info","message":"Request received: Get orders for user 696c9df0edd52a597164052c","timestamp":"2026-02-28T04:59:43.863Z"}
{"level":"info","message":"Fetched 22 orders for user 696c9df0edd52a597164052c","timestamp":"2026-02-28T04:59:43.952Z"}
{"level":"info","message":"Request received: Get orders for user 696c9df0edd52a597164052c","timestamp":"2026-02-28T05:00:41.895Z"}
{"level":"info","message":"Fetched 22 orders for user 696c9df0edd52a597164052c","timestamp":"2026-02-28T05:00:41.991Z"}
{"level":"info","message":"Request received: Get orders for user 696c9df0edd52a597164052c","timestamp":"2026-02-28T05:00:42.850Z"}
{"level":"info","message":"Fetched 22 orders for user 696c9df0edd52a597164052c","timestamp":"2026-02-28T05:00:42.935Z"}
{"level":"info","message":"Request received: Get orders for user 696c9df0edd52a597164052c","timestamp":"2026-02-28T05:00:58.210Z"}
{"level":"info","message":"Fetched 22 orders for user 696c9df0edd52a597164052c","timestamp":"2026-02-28T05:00:58.320Z"}
{"level":"info","message":"Request received: Get orders for user 696c9df0edd52a597164052c","timestamp":"2026-02-28T05:01:03.703Z"}
{"level":"info","message":"Fetched 22 orders for user 696c9df0edd52a597164052c","timestamp":"2026-02-28T05:01:03.802Z"}
{"level":"info","message":"Request received: Get orders for user 696c9df0edd52a597164052c","timestamp":"2026-02-28T05:01:13.510Z"}
{"level":"info","message":"Fetched 22 orders for user 696c9df0edd52a597164052c","timestamp":"2026-02-28T05:01:13.609Z"}
{"level":"info","message":"Request received: Get orders for user 696c9df0edd52a597164052c","timestamp":"2026-02-28T05:01:16.627Z"}
{"level":"info","message":"Fetched 22 orders for user 696c9df0edd52a597164052c","timestamp":"2026-02-28T05:01:16.732Z"}
{"level":"error","message":"jwt expired","stack":"TokenExpiredError: jwt expired\n    at C:\\Users\\aswat\\OneDrive\\Documents\\BinIt Project\\binit-project\\backend\\node_modules\\jsonwebtoken\\verify.js:190:21\n    at getSecret (C:\\Users\\aswat\\OneDrive\\Documents\\BinIt Project\\binit-project\\backend\\node_modules\\jsonwebtoken\\verify.js:97:14)\n    at module.exports [as verify] (C:\\Users\\aswat\\OneDrive\\Documents\\BinIt Project\\binit-project\\backend\\node_modules\\jsonwebtoken\\verify.js:101:10)\n    at verifyAccessToken (file:///C:/Users/aswat/OneDrive/Documents/BinIt%20Project/binit-project/backend/src/utils/jwt.js:55:16)\n    at authenticateUser (file:///C:/Users/aswat/OneDrive/Documents/BinIt%20Project/binit-project/backend/src/middlewares/user/authenticate-user.js:16:24)\n    at Layer.handleRequest (C:\\Users\\aswat\\OneDrive\\Documents\\BinIt Project\\binit-project\\backend\\node_modules\\router\\lib\\layer.js:152:17)\n    at trimPrefix (C:\\Users\\aswat\\OneDrive\\Documents\\BinIt Project\\binit-project\\backend\\node_modules\\router\\index.js:342:13)\n    at C:\\Users\\aswat\\OneDrive\\Documents\\BinIt Project\\binit-project\\backend\\node_modules\\router\\index.js:297:9\n    at processParams (C:\\Users\\aswat\\OneDrive\\Documents\\BinIt Project\\binit-project\\backend\\node_modules\\router\\index.js:582:12)\n    at next (C:\\Users\\aswat\\OneDrive\\Documents\\BinIt Project\\binit-project\\backend\\node_modules\\router\\index.js:291:5)","timestamp":"2026-02-28T05:01:28.101Z"}
{"level":"info","message":"Request received: Get orders for user 696c9df0edd52a597164052c","timestamp":"2026-02-28T05:01:28.377Z"}
{"level":"info","message":"Fetched 22 orders for user 696c9df0edd52a597164052c","timestamp":"2026-02-28T05:01:28.466Z"}
{"level":"info","message":"Request received: Get orders for user 696c9df0edd52a597164052c","timestamp":"2026-02-28T05:01:35.854Z"}
{"level":"info","message":"Fetched 22 orders for user 696c9df0edd52a597164052c","timestamp":"2026-02-28T05:01:35.930Z"}
{"level":"info","message":"Request received: Get orders for user 696c9df0edd52a597164052c","timestamp":"2026-02-28T05:01:38.872Z"}
{"level":"info","message":"Fetched 22 orders for user 696c9df0edd52a597164052c","timestamp":"2026-02-28T05:01:38.972Z"}
{"level":"info","message":"Request received: Get orders for user 696c9df0edd52a597164052c","timestamp":"2026-02-28T05:01:49.979Z"}
{"level":"info","message":"Fetched 22 orders for user 696c9df0edd52a597164052c","timestamp":"2026-02-28T05:01:50.058Z"}
{"level":"info","message":"Request received: Get orders for user 696c9df0edd52a597164052c","timestamp":"2026-02-28T05:02:07.913Z"}
{"level":"info","message":"Fetched 22 orders for user 696c9df0edd52a597164052c","timestamp":"2026-02-28T05:02:08.044Z"}
{"level":"info","message":"Request received: Get orders for user 696c9df0edd52a597164052c","timestamp":"2026-02-28T05:02:14.600Z"}
{"level":"info","message":"Fetched 22 orders for user 696c9df0edd52a597164052c","timestamp":"2026-02-28T05:02:14.725Z"}
{"level":"info","message":"Request received: Get orders for user 696c9df0edd52a597164052c","timestamp":"2026-02-28T05:02:31.366Z"}
{"level":"info","message":"Fetched 22 orders for user 696c9df0edd52a597164052c","timestamp":"2026-02-28T05:02:31.455Z"}
{"level":"info","message":"Request received: Get orders for user 696c9df0edd52a597164052c","timestamp":"2026-02-28T05:02:46.989Z"}
{"level":"info","message":"Fetched 22 orders for user 696c9df0edd52a597164052c","timestamp":"2026-02-28T05:02:47.100Z"}
{"level":"info","message":"Request received: Get orders for user 696c9df0edd52a597164052c","timestamp":"2026-02-28T05:02:52.853Z"}
{"level":"info","message":"Fetched 22 orders for user 696c9df0edd52a597164052c","timestamp":"2026-02-28T05:02:52.930Z"}
{"level":"info","message":"Request received: Get orders for user 696c9df0edd52a597164052c","timestamp":"2026-02-28T05:02:53.836Z"}
{"level":"info","message":"Fetched 22 orders for user 696c9df0edd52a597164052c","timestamp":"2026-02-28T05:02:53.912Z"}
{"level":"info","message":"Request received: Get orders for user 696c9df0edd52a597164052c","timestamp":"2026-02-28T05:02:54.865Z"}
{"level":"info","message":"Fetched 22 orders for user 696c9df0edd52a597164052c","timestamp":"2026-02-28T05:02:54.941Z"}
{"level":"info","message":"Request received: Get orders for user 696c9df0edd52a597164052c","timestamp":"2026-02-28T05:02:55.853Z"}
{"level":"info","message":"Fetched 22 orders for user 696c9df0edd52a597164052c","timestamp":"2026-02-28T05:02:55.953Z"}
{"level":"info","message":"Request received: Get orders for user 696c9df0edd52a597164052c","timestamp":"2026-02-28T05:03:22.143Z"}
{"level":"info","message":"Fetched 22 orders for user 696c9df0edd52a597164052c","timestamp":"2026-02-28T05:03:22.237Z"}
{"level":"info","message":"Request received: Get orders for user 696c9df0edd52a597164052c","timestamp":"2026-02-28T05:03:25.049Z"}
{"level":"info","message":"Fetched 22 orders for user 696c9df0edd52a597164052c","timestamp":"2026-02-28T05:03:25.152Z"}
{"level":"info","message":"Request received: Get orders for user 696c9df0edd52a597164052c","timestamp":"2026-02-28T05:03:28.710Z"}
{"level":"info","message":"Fetched 22 orders for user 696c9df0edd52a597164052c","timestamp":"2026-02-28T05:03:28.840Z"}
{"level":"info","message":"Request received: Get orders for user 696c9df0edd52a597164052c","timestamp":"2026-02-28T05:04:18.023Z"}
{"level":"info","message":"Fetched 22 orders for user 696c9df0edd52a597164052c","timestamp":"2026-02-28T05:04:18.112Z"}
{"level":"info","message":"Request received: Get orders for user 696c9df0edd52a597164052c","timestamp":"2026-02-28T05:04:53.599Z"}
{"level":"info","message":"Fetched 22 orders for user 696c9df0edd52a597164052c","timestamp":"2026-02-28T05:04:53.696Z"}
{"level":"error","message":"Admin access required.","stack":"Error: Admin access required.\n    at verifyAdminToken (file:///C:/Users/aswat/OneDrive/Documents/BinIt%20Project/binit-project/backend/src/middlewares/admin/authenticate-admin.js:12:11)\n    at Layer.handleRequest (C:\\Users\\aswat\\OneDrive\\Documents\\BinIt Project\\binit-project\\backend\\node_modules\\router\\lib\\layer.js:152:17)\n    at trimPrefix (C:\\Users\\aswat\\OneDrive\\Documents\\BinIt Project\\binit-project\\backend\\node_modules\\router\\index.js:342:13)\n    at C:\\Users\\aswat\\OneDrive\\Documents\\BinIt Project\\binit-project\\backend\\node_modules\\router\\index.js:297:9\n    at processParams (C:\\Users\\aswat\\OneDrive\\Documents\\BinIt Project\\binit-project\\backend\\node_modules\\router\\index.js:582:12)\n    at next (C:\\Users\\aswat\\OneDrive\\Documents\\BinIt Project\\binit-project\\backend\\node_modules\\router\\index.js:291:5)\n    at Function.handle (C:\\Users\\aswat\\OneDrive\\Documents\\BinIt Project\\binit-project\\backend\\node_modules\\router\\index.js:186:3)\n    at router (C:\\Users\\aswat\\OneDrive\\Documents\\BinIt Project\\binit-project\\backend\\node_modules\\router\\index.js:60:12)\n    at Layer.handleRequest (C:\\Users\\aswat\\OneDrive\\Documents\\BinIt Project\\binit-project\\backend\\node_modules\\router\\lib\\layer.js:152:17)\n    at trimPrefix (C:\\Users\\aswat\\OneDrive\\Documents\\BinIt Project\\binit-project\\backend\\node_modules\\router\\index.js:342:13)","timestamp":"2026-02-28T05:05:55.062Z"}
{"level":"info","message":"Fetched admin orders successfully. Page: 1","timestamp":"2026-02-28T05:05:55.537Z"}
{"level":"info","message":"Request received: Get orders for user 696c9df0edd52a597164052c","timestamp":"2026-02-28T05:05:56.498Z"}
{"level":"info","message":"Fetched 22 orders for user 696c9df0edd52a597164052c","timestamp":"2026-02-28T05:05:56.718Z"}
{"level":"info","message":"Request received: Get orders for user 696c9df0edd52a597164052c","timestamp":"2026-02-28T05:06:16.919Z"}
{"level":"info","message":"Fetched 22 orders for user 696c9df0edd52a597164052c","timestamp":"2026-02-28T05:06:17.009Z"}
{"level":"info","message":"Request received: Get orders for user 696c9df0edd52a597164052c","timestamp":"2026-02-28T05:07:26.182Z"}
{"level":"info","message":"Fetched 22 orders for user 696c9df0edd52a597164052c","timestamp":"2026-02-28T05:07:26.269Z"}
{"level":"info","message":"Request received: Get orders for user 696c9df0edd52a597164052c","timestamp":"2026-02-28T05:08:13.830Z"}
{"level":"info","message":"Fetched 22 orders for user 696c9df0edd52a597164052c","timestamp":"2026-02-28T05:08:13.981Z"}
{"level":"info","message":"Request received: Get orders for user 696c9df0edd52a597164052c","timestamp":"2026-02-28T05:09:17.908Z"}
{"level":"info","message":"Fetched 22 orders for user 696c9df0edd52a597164052c","timestamp":"2026-02-28T05:09:17.982Z"}
{"level":"info","message":"Request received: Get orders for user 696c9df0edd52a597164052c","timestamp":"2026-02-28T05:09:18.877Z"}
{"level":"info","message":"Fetched 22 orders for user 696c9df0edd52a597164052c","timestamp":"2026-02-28T05:09:18.954Z"}
{"level":"info","message":"Request received: Get orders for user 696c9df0edd52a597164052c","timestamp":"2026-02-28T05:09:29.981Z"}
{"level":"info","message":"Fetched 22 orders for user 696c9df0edd52a597164052c","timestamp":"2026-02-28T05:09:30.095Z"}
{"level":"info","message":"Request received: Get orders for user 696c9df0edd52a597164052c","timestamp":"2026-02-28T05:09:30.907Z"}
{"level":"info","message":"Fetched 22 orders for user 696c9df0edd52a597164052c","timestamp":"2026-02-28T05:09:31.252Z"}
{"level":"info","message":"Request received: Get details for order #ORD-526584 by user 696c9df0edd52a597164052c","timestamp":"2026-02-28T05:09:43.507Z"}
{"level":"info","message":"Successfully fetched details for order #ORD-526584 by user 696c9df0edd52a597164052c","timestamp":"2026-02-28T05:09:43.603Z"}
{"level":"info","message":"Request received: Get details for order #ORD-526584 by user 696c9df0edd52a597164052c","timestamp":"2026-02-28T05:09:48.251Z"}
{"level":"info","message":"Successfully fetched details for order #ORD-526584 by user 696c9df0edd52a597164052c","timestamp":"2026-02-28T05:09:48.330Z"}
{"level":"info","message":"Fetched admin orders successfully. Page: 1","timestamp":"2026-02-28T05:09:50.225Z"}
{"level":"info","message":"Request received: Get details for order #ORD-526584 by user 696c9df0edd52a597164052c","timestamp":"2026-02-28T05:11:14.159Z"}
{"level":"info","message":"Successfully fetched details for order #ORD-526584 by user 696c9df0edd52a597164052c","timestamp":"2026-02-28T05:11:14.243Z"}
{"level":"info","message":"Fetched admin orders successfully. Page: 1","timestamp":"2026-02-28T05:11:15.955Z"}
{"level":"info","message":"Request received: Get details for order #ORD-526584 by user 696c9df0edd52a597164052c","timestamp":"2026-02-28T05:11:19.046Z"}
{"level":"info","message":"Successfully fetched details for order #ORD-526584 by user 696c9df0edd52a597164052c","timestamp":"2026-02-28T05:11:19.119Z"}
{"level":"info","message":"Request received: Get orders for user 696c9df0edd52a597164052c","timestamp":"2026-02-28T05:11:23.455Z"}
{"level":"info","message":"Fetched 22 orders for user 696c9df0edd52a597164052c","timestamp":"2026-02-28T05:11:23.546Z"}
{"level":"info","message":"Request received: Get details for order #ORD-526584 by user 696c9df0edd52a597164052c","timestamp":"2026-02-28T05:11:50.363Z"}
{"level":"info","message":"Successfully fetched details for order #ORD-526584 by user 696c9df0edd52a597164052c","timestamp":"2026-02-28T05:11:50.443Z"}
{"level":"info","message":"Request received: Get orders for user 696c9df0edd52a597164052c","timestamp":"2026-02-28T05:14:17.466Z"}
{"level":"info","message":"Fetched 22 orders for user 696c9df0edd52a597164052c","timestamp":"2026-02-28T05:14:17.558Z"}
{"level":"info","message":"Request received: Get orders for user 696c9df0edd52a597164052c","timestamp":"2026-02-28T05:15:55.928Z"}
{"level":"info","message":"Fetched 22 orders for user 696c9df0edd52a597164052c","timestamp":"2026-02-28T05:15:56.029Z"}
{"level":"error","message":"jwt expired","stack":"TokenExpiredError: jwt expired\n    at C:\\Users\\aswat\\OneDrive\\Documents\\BinIt Project\\binit-project\\backend\\node_modules\\jsonwebtoken\\verify.js:190:21\n    at getSecret (C:\\Users\\aswat\\OneDrive\\Documents\\BinIt Project\\binit-project\\backend\\node_modules\\jsonwebtoken\\verify.js:97:14)\n    at module.exports [as verify] (C:\\Users\\aswat\\OneDrive\\Documents\\BinIt Project\\binit-project\\backend\\node_modules\\jsonwebtoken\\verify.js:101:10)\n    at verifyAccessToken (file:///C:/Users/aswat/OneDrive/Documents/BinIt%20Project/binit-project/backend/src/utils/jwt.js:55:16)\n    at authenticateUser (file:///C:/Users/aswat/OneDrive/Documents/BinIt%20Project/binit-project/backend/src/middlewares/user/authenticate-user.js:16:24)\n    at Layer.handleRequest (C:\\Users\\aswat\\OneDrive\\Documents\\BinIt Project\\binit-project\\backend\\node_modules\\router\\lib\\layer.js:152:17)\n    at trimPrefix (C:\\Users\\aswat\\OneDrive\\Documents\\BinIt Project\\binit-project\\backend\\node_modules\\router\\index.js:342:13)\n    at C:\\Users\\aswat\\OneDrive\\Documents\\BinIt Project\\binit-project\\backend\\node_modules\\router\\index.js:297:9\n    at processParams (C:\\Users\\aswat\\OneDrive\\Documents\\BinIt Project\\binit-project\\backend\\node_modules\\router\\index.js:582:12)\n    at next (C:\\Users\\aswat\\OneDrive\\Documents\\BinIt Project\\binit-project\\backend\\node_modules\\router\\index.js:291:5)","timestamp":"2026-02-28T05:16:52.834Z"}
{"level":"info","message":"Request received: Get orders for user 696c9df0edd52a597164052c","timestamp":"2026-02-28T05:16:53.157Z"}
{"level":"info","message":"Fetched 22 orders for user 696c9df0edd52a597164052c","timestamp":"2026-02-28T05:16:53.307Z"}
{"level":"info","message":"Request received: Get orders for user 696c9df0edd52a597164052c","timestamp":"2026-02-28T05:16:55.903Z"}
{"level":"info","message":"Fetched 22 orders for user 696c9df0edd52a597164052c","timestamp":"2026-02-28T05:16:55.977Z"}
{"level":"info","message":"Request received: Get orders for user 696c9df0edd52a597164052c","timestamp":"2026-02-28T05:16:56.854Z"}
{"level":"info","message":"Fetched 22 orders for user 696c9df0edd52a597164052c","timestamp":"2026-02-28T05:16:57.304Z"}
{"level":"info","message":"Request received: Get orders for user 696c9df0edd52a597164052c","timestamp":"2026-02-28T05:17:00.469Z"}
{"level":"info","message":"Fetched 22 orders for user 696c9df0edd52a597164052c","timestamp":"2026-02-28T05:17:00.565Z"}
{"level":"info","message":"Request received: Get orders for user 696c9df0edd52a597164052c","timestamp":"2026-02-28T05:17:13.912Z"}
{"level":"info","message":"Fetched 22 orders for user 696c9df0edd52a597164052c","timestamp":"2026-02-28T05:17:14.006Z"}
{"level":"info","message":"Request received: Get orders for user 696c9df0edd52a597164052c","timestamp":"2026-02-28T05:17:15.062Z"}
{"level":"info","message":"Fetched 22 orders for user 696c9df0edd52a597164052c","timestamp":"2026-02-28T05:17:15.150Z"}
{"level":"info","message":"Request received: Get orders for user 696c9df0edd52a597164052c","timestamp":"2026-02-28T05:17:52.873Z"}
{"level":"info","message":"Fetched 22 orders for user 696c9df0edd52a597164052c","timestamp":"2026-02-28T05:17:52.954Z"}
{"level":"info","message":"Request received: Get orders for user 696c9df0edd52a597164052c","timestamp":"2026-02-28T05:18:01.939Z"}
{"level":"info","message":"Fetched 22 orders for user 696c9df0edd52a597164052c","timestamp":"2026-02-28T05:18:02.030Z"}
{"level":"info","message":"Request received: Get orders for user 696c9df0edd52a597164052c","timestamp":"2026-02-28T05:18:03.857Z"}
{"level":"info","message":"Fetched 22 orders for user 696c9df0edd52a597164052c","timestamp":"2026-02-28T05:18:03.938Z"}
{"level":"info","message":"Request received: Get orders for user 696c9df0edd52a597164052c","timestamp":"2026-02-28T05:18:51.928Z"}
{"level":"info","message":"Fetched 22 orders for user 696c9df0edd52a597164052c","timestamp":"2026-02-28T05:18:52.014Z"}
{"level":"info","message":"Request received: Get orders for user 696c9df0edd52a597164052c","timestamp":"2026-02-28T05:18:52.856Z"}
{"level":"info","message":"Fetched 22 orders for user 696c9df0edd52a597164052c","timestamp":"2026-02-28T05:18:52.940Z"}
{"level":"info","message":"Request received: Get orders for user 696c9df0edd52a597164052c","timestamp":"2026-02-28T05:18:53.854Z"}
{"level":"info","message":"Fetched 22 orders for user 696c9df0edd52a597164052c","timestamp":"2026-02-28T05:18:53.932Z"}
{"level":"info","message":"Request received: Get orders for user 696c9df0edd52a597164052c","timestamp":"2026-02-28T05:18:55.851Z"}
{"level":"info","message":"Fetched 22 orders for user 696c9df0edd52a597164052c","timestamp":"2026-02-28T05:18:55.932Z"}
{"level":"info","message":"Request received: Get orders for user 696c9df0edd52a597164052c","timestamp":"2026-02-28T05:18:59.506Z"}
{"level":"info","message":"Fetched 22 orders for user 696c9df0edd52a597164052c","timestamp":"2026-02-28T05:18:59.674Z"}
{"level":"info","message":"Request received: Get orders for user 696c9df0edd52a597164052c","timestamp":"2026-02-28T05:19:04.879Z"}
{"level":"info","message":"Fetched 22 orders for user 696c9df0edd52a597164052c","timestamp":"2026-02-28T05:19:04.990Z"}
{"level":"info","message":"Request received: Get orders for user 696c9df0edd52a597164052c","timestamp":"2026-02-28T05:19:05.870Z"}
{"level":"info","message":"Fetched 22 orders for user 696c9df0edd52a597164052c","timestamp":"2026-02-28T05:19:05.963Z"}
{"level":"info","message":"Request received: Get orders for user 696c9df0edd52a597164052c","timestamp":"2026-02-28T05:19:06.900Z"}
{"level":"info","message":"Fetched 22 orders for user 696c9df0edd52a597164052c","timestamp":"2026-02-28T05:19:06.998Z"}
{"level":"info","message":"Request received: Get orders for user 696c9df0edd52a597164052c","timestamp":"2026-02-28T05:19:07.878Z"}
{"level":"info","message":"Fetched 22 orders for user 696c9df0edd52a597164052c","timestamp":"2026-02-28T05:19:07.969Z"}
{"level":"info","message":"Request received: Get orders for user 696c9df0edd52a597164052c","timestamp":"2026-02-28T05:19:08.889Z"}
{"level":"info","message":"Fetched 22 orders for user 696c9df0edd52a597164052c","timestamp":"2026-02-28T05:19:08.972Z"}
{"level":"info","message":"Request received: Get orders for user 696c9df0edd52a597164052c","timestamp":"2026-02-28T05:19:12.866Z"}
{"level":"info","message":"Fetched 22 orders for user 696c9df0edd52a597164052c","timestamp":"2026-02-28T05:19:12.944Z"}
{"level":"info","message":"Request received: Get orders for user 696c9df0edd52a597164052c","timestamp":"2026-02-28T05:19:13.849Z"}
{"level":"info","message":"Fetched 22 orders for user 696c9df0edd52a597164052c","timestamp":"2026-02-28T05:19:13.927Z"}
{"level":"info","message":"Request received: Get orders for user 696c9df0edd52a597164052c","timestamp":"2026-02-28T05:19:15.875Z"}
{"level":"info","message":"Fetched 22 orders for user 696c9df0edd52a597164052c","timestamp":"2026-02-28T05:19:15.955Z"}
{"level":"info","message":"Request received: Get orders for user 696c9df0edd52a597164052c","timestamp":"2026-02-28T05:19:20.578Z"}
{"level":"info","message":"Fetched 22 orders for user 696c9df0edd52a597164052c","timestamp":"2026-02-28T05:19:20.736Z"}
{"level":"info","message":"Request received: Get orders for user 696c9df0edd52a597164052c","timestamp":"2026-02-28T05:22:00.942Z"}
{"level":"info","message":"Fetched 22 orders for user 696c9df0edd52a597164052c","timestamp":"2026-02-28T05:22:01.032Z"}
{"level":"info","message":"Request received: Get orders for user 696c9df0edd52a597164052c","timestamp":"2026-02-28T05:22:07.874Z"}
{"level":"info","message":"Fetched 22 orders for user 696c9df0edd52a597164052c","timestamp":"2026-02-28T05:22:07.958Z"}
{"level":"info","message":"Request received: Get orders for user 696c9df0edd52a597164052c","timestamp":"2026-02-28T05:22:09.853Z"}
{"level":"info","message":"Fetched 22 orders for user 696c9df0edd52a597164052c","timestamp":"2026-02-28T05:22:09.958Z"}
{"level":"info","message":"Request received: Get orders for user 696c9df0edd52a597164052c","timestamp":"2026-02-28T05:22:10.950Z"}
{"level":"info","message":"Fetched 22 orders for user 696c9df0edd52a597164052c","timestamp":"2026-02-28T05:22:11.031Z"}
{"level":"info","message":"Request received: Get orders for user 696c9df0edd52a597164052c","timestamp":"2026-02-28T05:22:11.871Z"}
{"level":"info","message":"Fetched 22 orders for user 696c9df0edd52a597164052c","timestamp":"2026-02-28T05:22:11.947Z"}
{"level":"info","message":"Request received: Get orders for user 696c9df0edd52a597164052c","timestamp":"2026-02-28T05:22:13.865Z"}
{"level":"info","message":"Fetched 22 orders for user 696c9df0edd52a597164052c","timestamp":"2026-02-28T05:22:13.949Z"}
{"level":"info","message":"Request received: Get orders for user 696c9df0edd52a597164052c","timestamp":"2026-02-28T05:22:14.864Z"}
{"level":"info","message":"Fetched 22 orders for user 696c9df0edd52a597164052c","timestamp":"2026-02-28T05:22:14.943Z"}
{"level":"info","message":"Request received: Get orders for user 696c9df0edd52a597164052c","timestamp":"2026-02-28T05:22:15.861Z"}
{"level":"info","message":"Fetched 22 orders for user 696c9df0edd52a597164052c","timestamp":"2026-02-28T05:22:16.099Z"}
{"level":"info","message":"Request received: Get orders for user 696c9df0edd52a597164052c","timestamp":"2026-02-28T05:22:23.892Z"}
{"level":"info","message":"Fetched 22 orders for user 696c9df0edd52a597164052c","timestamp":"2026-02-28T05:22:23.976Z"}
{"level":"info","message":"Request received: Get orders for user 696c9df0edd52a597164052c","timestamp":"2026-02-28T05:22:24.860Z"}
{"level":"info","message":"Fetched 22 orders for user 696c9df0edd52a597164052c","timestamp":"2026-02-28T05:22:24.935Z"}
{"level":"info","message":"Request received: Get orders for user 696c9df0edd52a597164052c","timestamp":"2026-02-28T05:22:26.459Z"}
{"level":"info","message":"Fetched 22 orders for user 696c9df0edd52a597164052c","timestamp":"2026-02-28T05:22:26.550Z"}
{"level":"info","message":"Request received: Get orders for user 696c9df0edd52a597164052c","timestamp":"2026-02-28T05:28:37.132Z"}
{"level":"info","message":"Fetched 22 orders for user 696c9df0edd52a597164052c","timestamp":"2026-02-28T05:28:37.267Z"}
{"level":"info","message":"Request received: Get orders for user 696c9df0edd52a597164052c","timestamp":"2026-02-28T05:28:38.241Z"}
{"level":"info","message":"Fetched 22 orders for user 696c9df0edd52a597164052c","timestamp":"2026-02-28T05:28:38.464Z"}
{"level":"info","message":"Request received: Get details for order #ORD-526584 by user 696c9df0edd52a597164052c","timestamp":"2026-02-28T05:28:43.173Z"}
{"level":"info","message":"Successfully fetched details for order #ORD-526584 by user 696c9df0edd52a597164052c","timestamp":"2026-02-28T05:28:43.265Z"}
{"level":"info","message":"Request received: Get orders for user 696c9df0edd52a597164052c","timestamp":"2026-02-28T05:28:56.132Z"}
{"level":"info","message":"Fetched 22 orders for user 696c9df0edd52a597164052c","timestamp":"2026-02-28T05:28:56.236Z"}
{"level":"info","message":"Request received: Get details for order #ORD-526584 by user 696c9df0edd52a597164052c","timestamp":"2026-02-28T05:29:08.627Z"}
{"level":"info","message":"Successfully fetched details for order #ORD-526584 by user 696c9df0edd52a597164052c","timestamp":"2026-02-28T05:29:08.719Z"}
{"level":"info","message":"Cart and summary successfully fetched for user: 696c9df0edd52a597164052c","timestamp":"2026-02-28T05:29:16.293Z"}
{"level":"error","message":"Admin access required.","stack":"Error: Admin access required.\n    at verifyAdminToken (file:///C:/Users/aswat/OneDrive/Documents/BinIt%20Project/binit-project/backend/src/middlewares/admin/authenticate-admin.js:12:11)\n    at Layer.handleRequest (C:\\Users\\aswat\\OneDrive\\Documents\\BinIt Project\\binit-project\\backend\\node_modules\\router\\lib\\layer.js:152:17)\n    at trimPrefix (C:\\Users\\aswat\\OneDrive\\Documents\\BinIt Project\\binit-project\\backend\\node_modules\\router\\index.js:342:13)\n    at C:\\Users\\aswat\\OneDrive\\Documents\\BinIt Project\\binit-project\\backend\\node_modules\\router\\index.js:297:9\n    at processParams (C:\\Users\\aswat\\OneDrive\\Documents\\BinIt Project\\binit-project\\backend\\node_modules\\router\\index.js:582:12)\n    at next (C:\\Users\\aswat\\OneDrive\\Documents\\BinIt Project\\binit-project\\backend\\node_modules\\router\\index.js:291:5)\n    at Function.handle (C:\\Users\\aswat\\OneDrive\\Documents\\BinIt Project\\binit-project\\backend\\node_modules\\router\\index.js:186:3)\n    at router (C:\\Users\\aswat\\OneDrive\\Documents\\BinIt Project\\binit-project\\backend\\node_modules\\router\\index.js:60:12)\n    at Layer.handleRequest (C:\\Users\\aswat\\OneDrive\\Documents\\BinIt Project\\binit-project\\backend\\node_modules\\router\\lib\\layer.js:152:17)\n    at trimPrefix (C:\\Users\\aswat\\OneDrive\\Documents\\BinIt Project\\binit-project\\backend\\node_modules\\router\\index.js:342:13)","timestamp":"2026-02-28T05:29:21.817Z"}
{"level":"info","message":"Item 6982d13cc2eea4abdc25d2bb added to cart for user 696c9df0edd52a597164052c","timestamp":"2026-02-28T05:29:25.540Z"}
{"level":"info","message":"User 696c9df0edd52a597164052c added item to cart","timestamp":"2026-02-28T05:29:25.543Z"}
{"level":"info","message":"Item 697b6cb46f9ac4cba6227e94 added to cart for user 696c9df0edd52a597164052c","timestamp":"2026-02-28T05:29:31.163Z"}
{"level":"info","message":"User 696c9df0edd52a597164052c added item to cart","timestamp":"2026-02-28T05:29:31.164Z"}
{"level":"info","message":"Cart and summary calculated for user: 696c9df0edd52a597164052c","timestamp":"2026-02-28T05:29:33.417Z"}
{"level":"info","message":"Cart and summary successfully fetched for user: 696c9df0edd52a597164052c","timestamp":"2026-02-28T05:29:33.417Z"}
{"level":"info","message":"Cart and summary calculated for user: 696c9df0edd52a597164052c","timestamp":"2026-02-28T05:30:41.291Z"}
{"level":"info","message":"Cart and summary successfully fetched for user: 696c9df0edd52a597164052c","timestamp":"2026-02-28T05:30:41.292Z"}
{"level":"info","message":"Connected to Redis successfully","timestamp":"2026-02-28T05:30:59.140Z"}
{"level":"info","message":"MongoDB connected successfully","timestamp":"2026-02-28T05:30:59.796Z"}
{"level":"info","message":"Cart and summary calculated for user: 696c9df0edd52a597164052c","timestamp":"2026-02-28T05:31:37.569Z"}
{"level":"info","message":"Cart and summary successfully fetched for user: 696c9df0edd52a597164052c","timestamp":"2026-02-28T05:31:37.570Z"}
{"level":"error","message":"jwt expired","stack":"TokenExpiredError: jwt expired\n    at C:\\Users\\aswat\\OneDrive\\Documents\\BinIt Project\\binit-project\\backend\\node_modules\\jsonwebtoken\\verify.js:190:21\n    at getSecret (C:\\Users\\aswat\\OneDrive\\Documents\\BinIt Project\\binit-project\\backend\\node_modules\\jsonwebtoken\\verify.js:97:14)\n    at module.exports [as verify] (C:\\Users\\aswat\\OneDrive\\Documents\\BinIt Project\\binit-project\\backend\\node_modules\\jsonwebtoken\\verify.js:101:10)\n    at verifyAccessToken (file:///C:/Users/aswat/OneDrive/Documents/BinIt%20Project/binit-project/backend/src/utils/jwt.js:55:16)\n    at authenticateUser (file:///C:/Users/aswat/OneDrive/Documents/BinIt%20Project/binit-project/backend/src/middlewares/user/authenticate-user.js:16:24)\n    at Layer.handleRequest (C:\\Users\\aswat\\OneDrive\\Documents\\BinIt Project\\binit-project\\backend\\node_modules\\router\\lib\\layer.js:152:17)\n    at trimPrefix (C:\\Users\\aswat\\OneDrive\\Documents\\BinIt Project\\binit-project\\backend\\node_modules\\router\\index.js:342:13)\n    at C:\\Users\\aswat\\OneDrive\\Documents\\BinIt Project\\binit-project\\backend\\node_modules\\router\\index.js:297:9\n    at processParams (C:\\Users\\aswat\\OneDrive\\Documents\\BinIt Project\\binit-project\\backend\\node_modules\\router\\index.js:582:12)\n    at next (C:\\Users\\aswat\\OneDrive\\Documents\\BinIt Project\\binit-project\\backend\\node_modules\\router\\index.js:291:5)","timestamp":"2026-02-28T05:33:08.040Z"}
{"level":"info","message":"Cart and summary calculated for user: 696c9df0edd52a597164052c","timestamp":"2026-02-28T05:33:08.424Z"}
{"level":"info","message":"Cart and summary successfully fetched for user: 696c9df0edd52a597164052c","timestamp":"2026-02-28T05:33:08.425Z"}
{"level":"info","message":"Cart and summary calculated for user: 696c9df0edd52a597164052c","timestamp":"2026-02-28T05:34:34.150Z"}
{"level":"info","message":"Cart and summary successfully fetched for user: 696c9df0edd52a597164052c","timestamp":"2026-02-28T05:34:34.151Z"}
{"level":"info","message":"Cart and summary calculated for user: 696c9df0edd52a597164052c","timestamp":"2026-02-28T05:35:21.480Z"}
{"level":"info","message":"Cart and summary successfully fetched for user: 696c9df0edd52a597164052c","timestamp":"2026-02-28T05:35:21.480Z"}
{"level":"info","message":"Cart and summary calculated for user: 696c9df0edd52a597164052c","timestamp":"2026-02-28T05:35:33.142Z"}
{"level":"info","message":"Cart and summary successfully fetched for user: 696c9df0edd52a597164052c","timestamp":"2026-02-28T05:35:33.142Z"}
{"level":"info","message":"Cart and summary calculated for user: 696c9df0edd52a597164052c","timestamp":"2026-02-28T05:35:35.714Z"}
{"level":"info","message":"Cart and summary successfully fetched for user: 696c9df0edd52a597164052c","timestamp":"2026-02-28T05:35:35.714Z"}
{"level":"info","message":"Cart and summary calculated for user: 696c9df0edd52a597164052c","timestamp":"2026-02-28T05:39:34.864Z"}
{"level":"info","message":"Cart and summary successfully fetched for user: 696c9df0edd52a597164052c","timestamp":"2026-02-28T05:39:34.865Z"}
{"level":"info","message":"Cart and summary calculated for user: 696c9df0edd52a597164052c","timestamp":"2026-02-28T05:40:52.463Z"}
{"level":"info","message":"Cart and summary successfully fetched for user: 696c9df0edd52a597164052c","timestamp":"2026-02-28T05:40:52.463Z"}
{"level":"info","message":"Cart and summary calculated for user: 696c9df0edd52a597164052c","timestamp":"2026-02-28T05:41:31.971Z"}
{"level":"info","message":"Cart and summary successfully fetched for user: 696c9df0edd52a597164052c","timestamp":"2026-02-28T05:41:31.971Z"}
{"level":"info","message":"Cart and summary calculated for user: 696c9df0edd52a597164052c","timestamp":"2026-02-28T05:41:32.993Z"}
{"level":"info","message":"Cart and summary successfully fetched for user: 696c9df0edd52a597164052c","timestamp":"2026-02-28T05:41:32.993Z"}
{"level":"info","message":"Cart and summary calculated for user: 696c9df0edd52a597164052c","timestamp":"2026-02-28T05:41:41.165Z"}
{"level":"info","message":"Cart and summary successfully fetched for user: 696c9df0edd52a597164052c","timestamp":"2026-02-28T05:41:41.166Z"}
{"level":"info","message":"Cart and summary calculated for user: 696c9df0edd52a597164052c","timestamp":"2026-02-28T05:41:42.948Z"}
{"level":"info","message":"Cart and summary successfully fetched for user: 696c9df0edd52a597164052c","timestamp":"2026-02-28T05:41:42.948Z"}
{"level":"info","message":"Cart and summary calculated for user: 696c9df0edd52a597164052c","timestamp":"2026-02-28T05:42:42.998Z"}
{"level":"info","message":"Cart and summary successfully fetched for user: 696c9df0edd52a597164052c","timestamp":"2026-02-28T05:42:42.998Z"}
{"level":"info","message":"Cart and summary calculated for user: 696c9df0edd52a597164052c","timestamp":"2026-02-28T05:42:46.969Z"}
{"level":"info","message":"Cart and summary successfully fetched for user: 696c9df0edd52a597164052c","timestamp":"2026-02-28T05:42:46.969Z"}
{"level":"info","message":"Cart and summary calculated for user: 696c9df0edd52a597164052c","timestamp":"2026-02-28T05:42:50.006Z"}
{"level":"info","message":"Cart and summary successfully fetched for user: 696c9df0edd52a597164052c","timestamp":"2026-02-28T05:42:50.007Z"}
{"level":"info","message":"Cart and summary calculated for user: 696c9df0edd52a597164052c","timestamp":"2026-02-28T05:42:50.954Z"}
{"level":"info","message":"Cart and summary successfully fetched for user: 696c9df0edd52a597164052c","timestamp":"2026-02-28T05:42:50.954Z"}
{"level":"info","message":"Cart and summary calculated for user: 696c9df0edd52a597164052c","timestamp":"2026-02-28T05:43:01.939Z"}
{"level":"info","message":"Cart and summary successfully fetched for user: 696c9df0edd52a597164052c","timestamp":"2026-02-28T05:43:01.940Z"}
{"level":"info","message":"Cart and summary calculated for user: 696c9df0edd52a597164052c","timestamp":"2026-02-28T05:43:03.933Z"}
{"level":"info","message":"Cart and summary successfully fetched for user: 696c9df0edd52a597164052c","timestamp":"2026-02-28T05:43:03.933Z"}
{"level":"info","message":"Cart and summary calculated for user: 696c9df0edd52a597164052c","timestamp":"2026-02-28T05:43:04.938Z"}
{"level":"info","message":"Cart and summary successfully fetched for user: 696c9df0edd52a597164052c","timestamp":"2026-02-28T05:43:04.938Z"}
{"level":"info","message":"Cart and summary calculated for user: 696c9df0edd52a597164052c","timestamp":"2026-02-28T05:43:05.927Z"}
{"level":"info","message":"Cart and summary successfully fetched for user: 696c9df0edd52a597164052c","timestamp":"2026-02-28T05:43:05.927Z"}
{"level":"info","message":"Cart and summary calculated for user: 696c9df0edd52a597164052c","timestamp":"2026-02-28T05:43:07.069Z"}
{"level":"info","message":"Cart and summary successfully fetched for user: 696c9df0edd52a597164052c","timestamp":"2026-02-28T05:43:07.069Z"}
{"level":"info","message":"Cart and summary calculated for user: 696c9df0edd52a597164052c","timestamp":"2026-02-28T05:44:38.895Z"}
{"level":"info","message":"Cart and summary successfully fetched for user: 696c9df0edd52a597164052c","timestamp":"2026-02-28T05:44:38.895Z"}
{"level":"info","message":"Cart and summary calculated for user: 696c9df0edd52a597164052c","timestamp":"2026-02-28T05:44:51.406Z"}
{"level":"info","message":"Cart and summary successfully fetched for user: 696c9df0edd52a597164052c","timestamp":"2026-02-28T05:44:51.406Z"}
{"level":"info","message":"Cart and summary calculated for user: 696c9df0edd52a597164052c","timestamp":"2026-02-28T05:45:17.943Z"}
{"level":"info","message":"Cart and summary successfully fetched for user: 696c9df0edd52a597164052c","timestamp":"2026-02-28T05:45:17.944Z"}
{"level":"info","message":"Cart and summary calculated for user: 696c9df0edd52a597164052c","timestamp":"2026-02-28T05:45:18.955Z"}
{"level":"info","message":"Cart and summary successfully fetched for user: 696c9df0edd52a597164052c","timestamp":"2026-02-28T05:45:18.955Z"}
{"level":"info","message":"Cart and summary calculated for user: 696c9df0edd52a597164052c","timestamp":"2026-02-28T05:45:19.803Z"}
{"level":"info","message":"Cart and summary successfully fetched for user: 696c9df0edd52a597164052c","timestamp":"2026-02-28T05:45:19.803Z"}
{"level":"info","message":"Cart and summary calculated for user: 696c9df0edd52a597164052c","timestamp":"2026-02-28T05:45:48.956Z"}
{"level":"info","message":"Cart and summary successfully fetched for user: 696c9df0edd52a597164052c","timestamp":"2026-02-28T05:45:48.956Z"}
{"level":"info","message":"Cart and summary calculated for user: 696c9df0edd52a597164052c","timestamp":"2026-02-28T05:45:49.947Z"}
{"level":"info","message":"Cart and summary successfully fetched for user: 696c9df0edd52a597164052c","timestamp":"2026-02-28T05:45:49.947Z"}
{"level":"info","message":"Cart and summary calculated for user: 696c9df0edd52a597164052c","timestamp":"2026-02-28T05:46:23.963Z"}
{"level":"info","message":"Cart and summary successfully fetched for user: 696c9df0edd52a597164052c","timestamp":"2026-02-28T05:46:23.963Z"}
{"level":"info","message":"Cart and summary calculated for user: 696c9df0edd52a597164052c","timestamp":"2026-02-28T05:46:24.757Z"}
{"level":"info","message":"Cart and summary successfully fetched for user: 696c9df0edd52a597164052c","timestamp":"2026-02-28T05:46:24.757Z"}
{"level":"info","message":"Cart and summary calculated for user: 696c9df0edd52a597164052c","timestamp":"2026-02-28T05:46:35.088Z"}
{"level":"info","message":"Cart and summary successfully fetched for user: 696c9df0edd52a597164052c","timestamp":"2026-02-28T05:46:35.088Z"}
{"level":"info","message":"Cart and summary calculated for user: 696c9df0edd52a597164052c","timestamp":"2026-02-28T05:47:02.950Z"}
{"level":"info","message":"Cart and summary successfully fetched for user: 696c9df0edd52a597164052c","timestamp":"2026-02-28T05:47:02.950Z"}
{"level":"info","message":"Cart and summary calculated for user: 696c9df0edd52a597164052c","timestamp":"2026-02-28T05:47:05.734Z"}
{"level":"info","message":"Cart and summary successfully fetched for user: 696c9df0edd52a597164052c","timestamp":"2026-02-28T05:47:05.734Z"}
{"level":"info","message":"Item 69a27d3bb978f927bd3f7fce removed from cart for user 696c9df0edd52a597164052c","timestamp":"2026-02-28T05:47:11.680Z"}
{"level":"info","message":"User 696c9df0edd52a597164052c removed item 69a27d3bb978f927bd3f7fce from cart","timestamp":"2026-02-28T05:47:11.680Z"}
{"level":"info","message":"Cart and summary calculated for user: 696c9df0edd52a597164052c","timestamp":"2026-02-28T05:47:11.861Z"}
{"level":"info","message":"Cart and summary successfully fetched for user: 696c9df0edd52a597164052c","timestamp":"2026-02-28T05:47:11.861Z"}
{"level":"error","message":"Admin access required.","stack":"Error: Admin access required.\n    at verifyAdminToken (file:///C:/Users/aswat/OneDrive/Documents/BinIt%20Project/binit-project/backend/src/middlewares/admin/authenticate-admin.js:12:11)\n    at Layer.handleRequest (C:\\Users\\aswat\\OneDrive\\Documents\\BinIt Project\\binit-project\\backend\\node_modules\\router\\lib\\layer.js:152:17)\n    at trimPrefix (C:\\Users\\aswat\\OneDrive\\Documents\\BinIt Project\\binit-project\\backend\\node_modules\\router\\index.js:342:13)\n    at C:\\Users\\aswat\\OneDrive\\Documents\\BinIt Project\\binit-project\\backend\\node_modules\\router\\index.js:297:9\n    at processParams (C:\\Users\\aswat\\OneDrive\\Documents\\BinIt Project\\binit-project\\backend\\node_modules\\router\\index.js:582:12)\n    at next (C:\\Users\\aswat\\OneDrive\\Documents\\BinIt Project\\binit-project\\backend\\node_modules\\router\\index.js:291:5)\n    at Function.handle (C:\\Users\\aswat\\OneDrive\\Documents\\BinIt Project\\binit-project\\backend\\node_modules\\router\\index.js:186:3)\n    at router (C:\\Users\\aswat\\OneDrive\\Documents\\BinIt Project\\binit-project\\backend\\node_modules\\router\\index.js:60:12)\n    at Layer.handleRequest (C:\\Users\\aswat\\OneDrive\\Documents\\BinIt Project\\binit-project\\backend\\node_modules\\router\\lib\\layer.js:152:17)\n    at trimPrefix (C:\\Users\\aswat\\OneDrive\\Documents\\BinIt Project\\binit-project\\backend\\node_modules\\router\\index.js:342:13)","timestamp":"2026-02-28T05:47:17.432Z"}
{"level":"info","message":"Item 697b6cb46f9ac4cba6227e94 added to cart for user 696c9df0edd52a597164052c","timestamp":"2026-02-28T05:47:24.945Z"}
{"level":"info","message":"User 696c9df0edd52a597164052c added item to cart","timestamp":"2026-02-28T05:47:24.948Z"}
{"level":"info","message":"Cart and summary calculated for user: 696c9df0edd52a597164052c","timestamp":"2026-02-28T05:47:26.730Z"}
{"level":"info","message":"Cart and summary successfully fetched for user: 696c9df0edd52a597164052c","timestamp":"2026-02-28T05:47:26.731Z"}
{"level":"info","message":"Item 69a2816c91252f0fc4bb5344 removed from cart for user 696c9df0edd52a597164052c","timestamp":"2026-02-28T05:47:35.572Z"}
{"level":"info","message":"User 696c9df0edd52a597164052c removed item 69a2816c91252f0fc4bb5344 from cart","timestamp":"2026-02-28T05:47:35.572Z"}
{"level":"info","message":"Cart and summary calculated for user: 696c9df0edd52a597164052c","timestamp":"2026-02-28T05:47:35.771Z"}
{"level":"info","message":"Cart and summary successfully fetched for user: 696c9df0edd52a597164052c","timestamp":"2026-02-28T05:47:35.771Z"}
{"level":"info","message":"Cart and summary calculated for user: 696c9df0edd52a597164052c","timestamp":"2026-02-28T05:47:48.923Z"}
{"level":"info","message":"Cart and summary successfully fetched for user: 696c9df0edd52a597164052c","timestamp":"2026-02-28T05:47:48.923Z"}
{"level":"info","message":"Cart and summary calculated for user: 696c9df0edd52a597164052c","timestamp":"2026-02-28T05:47:49.640Z"}
{"level":"info","message":"Cart and summary successfully fetched for user: 696c9df0edd52a597164052c","timestamp":"2026-02-28T05:47:49.641Z"}
{"level":"info","message":"Request received: Get orders for user 696c9df0edd52a597164052c","timestamp":"2026-02-28T05:48:01.214Z"}
{"level":"info","message":"Fetched 22 orders for user 696c9df0edd52a597164052c","timestamp":"2026-02-28T05:48:01.334Z"}
{"level":"info","message":"Request received: Get details for order #ORD-526584 by user 696c9df0edd52a597164052c","timestamp":"2026-02-28T05:48:04.689Z"}
{"level":"info","message":"Successfully fetched details for order #ORD-526584 by user 696c9df0edd52a597164052c","timestamp":"2026-02-28T05:48:04.781Z"}
{"level":"error","message":"jwt expired","stack":"TokenExpiredError: jwt expired\n    at C:\\Users\\aswat\\OneDrive\\Documents\\BinIt Project\\binit-project\\backend\\node_modules\\jsonwebtoken\\verify.js:190:21\n    at getSecret (C:\\Users\\aswat\\OneDrive\\Documents\\BinIt Project\\binit-project\\backend\\node_modules\\jsonwebtoken\\verify.js:97:14)\n    at module.exports [as verify] (C:\\Users\\aswat\\OneDrive\\Documents\\BinIt Project\\binit-project\\backend\\node_modules\\jsonwebtoken\\verify.js:101:10)\n    at verifyAccessToken (file:///C:/Users/aswat/OneDrive/Documents/BinIt%20Project/binit-project/backend/src/utils/jwt.js:55:16)\n    at authenticateUser (file:///C:/Users/aswat/OneDrive/Documents/BinIt%20Project/binit-project/backend/src/middlewares/user/authenticate-user.js:16:24)\n    at Layer.handleRequest (C:\\Users\\aswat\\OneDrive\\Documents\\BinIt Project\\binit-project\\backend\\node_modules\\router\\lib\\layer.js:152:17)\n    at trimPrefix (C:\\Users\\aswat\\OneDrive\\Documents\\BinIt Project\\binit-project\\backend\\node_modules\\router\\index.js:342:13)\n    at C:\\Users\\aswat\\OneDrive\\Documents\\BinIt Project\\binit-project\\backend\\node_modules\\router\\index.js:297:9\n    at processParams (C:\\Users\\aswat\\OneDrive\\Documents\\BinIt Project\\binit-project\\backend\\node_modules\\router\\index.js:582:12)\n    at next (C:\\Users\\aswat\\OneDrive\\Documents\\BinIt Project\\binit-project\\backend\\node_modules\\router\\index.js:291:5)","timestamp":"2026-02-28T05:48:09.005Z"}
{"level":"info","message":"Cart and summary calculated for user: 696c9df0edd52a597164052c","timestamp":"2026-02-28T05:48:09.360Z"}
{"level":"info","message":"Cart and summary successfully fetched for user: 696c9df0edd52a597164052c","timestamp":"2026-02-28T05:48:09.360Z"}
{"level":"info","message":"Item 697b6cb46f9ac4cba6227e94 added to cart for user 696c9df0edd52a597164052c","timestamp":"2026-02-28T05:48:17.118Z"}
{"level":"info","message":"User 696c9df0edd52a597164052c added item to cart","timestamp":"2026-02-28T05:48:17.119Z"}
{"level":"info","message":"Cart and summary calculated for user: 696c9df0edd52a597164052c","timestamp":"2026-02-28T05:48:22.800Z"}
{"level":"info","message":"Cart and summary successfully fetched for user: 696c9df0edd52a597164052c","timestamp":"2026-02-28T05:48:22.801Z"}
{"level":"info","message":"Cart and summary calculated for user: 696c9df0edd52a597164052c","timestamp":"2026-02-28T05:48:27.938Z"}
{"level":"info","message":"Cart and summary successfully fetched for user: 696c9df0edd52a597164052c","timestamp":"2026-02-28T05:48:27.939Z"}
{"level":"info","message":"Verification images (3) uploaded by user 696c9df0edd52a597164052c for item 697b6cb46f9ac4cba6227e94","timestamp":"2026-02-28T05:48:44.164Z"}
{"level":"info","message":"User 696c9df0edd52a597164052c uploaded 3 verification images for item 697b6cb46f9ac4cba6227e94","timestamp":"2026-02-28T05:48:44.165Z"}
{"level":"info","message":"Cart and summary calculated for user: 696c9df0edd52a597164052c","timestamp":"2026-02-28T05:48:44.393Z"}
{"level":"info","message":"Cart and summary successfully fetched for user: 696c9df0edd52a597164052c","timestamp":"2026-02-28T05:48:44.393Z"}
{"level":"info","message":"Cart and summary calculated for user: 696c9df0edd52a597164052c","timestamp":"2026-02-28T05:48:55.827Z"}
{"level":"info","message":"Cart and summary successfully fetched for user: 696c9df0edd52a597164052c","timestamp":"2026-02-28T05:48:55.828Z"}
{"level":"info","message":"Cart and summary calculated for user: 696c9df0edd52a597164052c","timestamp":"2026-02-28T05:50:43.074Z"}
{"level":"info","message":"Cart and summary successfully fetched for user: 696c9df0edd52a597164052c","timestamp":"2026-02-28T05:50:43.074Z"}
{"level":"info","message":"Cart and summary calculated for user: 696c9df0edd52a597164052c","timestamp":"2026-02-28T05:50:50.909Z"}
{"level":"info","message":"Cart and summary successfully fetched for user: 696c9df0edd52a597164052c","timestamp":"2026-02-28T05:50:50.910Z"}
{"level":"info","message":"Cart and summary calculated for user: 696c9df0edd52a597164052c","timestamp":"2026-02-28T05:50:54.949Z"}
{"level":"info","message":"Cart and summary successfully fetched for user: 696c9df0edd52a597164052c","timestamp":"2026-02-28T05:50:54.949Z"}
{"level":"info","message":"Cart and summary calculated for user: 696c9df0edd52a597164052c","timestamp":"2026-02-28T05:51:11.379Z"}
{"level":"info","message":"Cart and summary successfully fetched for user: 696c9df0edd52a597164052c","timestamp":"2026-02-28T05:51:11.379Z"}
{"level":"info","message":"Cart and summary calculated for user: 696c9df0edd52a597164052c","timestamp":"2026-02-28T05:51:21.201Z"}
{"level":"info","message":"Cart and summary successfully fetched for user: 696c9df0edd52a597164052c","timestamp":"2026-02-28T05:51:21.201Z"}
{"level":"info","message":"Cart and summary calculated for user: 696c9df0edd52a597164052c","timestamp":"2026-02-28T05:52:04.832Z"}
{"level":"info","message":"Cart and summary successfully fetched for user: 696c9df0edd52a597164052c","timestamp":"2026-02-28T05:52:04.832Z"}
{"level":"info","message":"Cart and summary calculated for user: 696c9df0edd52a597164052c","timestamp":"2026-02-28T05:52:09.688Z"}
{"level":"info","message":"Cart and summary successfully fetched for user: 696c9df0edd52a597164052c","timestamp":"2026-02-28T05:52:09.688Z"}
{"level":"info","message":"Cart and summary calculated for user: 696c9df0edd52a597164052c","timestamp":"2026-02-28T05:52:18.965Z"}
{"level":"info","message":"Cart and summary successfully fetched for user: 696c9df0edd52a597164052c","timestamp":"2026-02-28T05:52:18.966Z"}
{"level":"info","message":"Cart and summary calculated for user: 696c9df0edd52a597164052c","timestamp":"2026-02-28T05:52:58.921Z"}
{"level":"info","message":"Cart and summary successfully fetched for user: 696c9df0edd52a597164052c","timestamp":"2026-02-28T05:52:58.921Z"}
{"level":"info","message":"Cart and summary calculated for user: 696c9df0edd52a597164052c","timestamp":"2026-02-28T05:53:04.915Z"}
{"level":"info","message":"Cart and summary successfully fetched for user: 696c9df0edd52a597164052c","timestamp":"2026-02-28T05:53:04.915Z"}
{"level":"info","message":"Cart and summary calculated for user: 696c9df0edd52a597164052c","timestamp":"2026-02-28T05:53:05.929Z"}
{"level":"info","message":"Cart and summary successfully fetched for user: 696c9df0edd52a597164052c","timestamp":"2026-02-28T05:53:05.929Z"}
{"level":"info","message":"Cart and summary calculated for user: 696c9df0edd52a597164052c","timestamp":"2026-02-28T05:53:06.917Z"}
{"level":"info","message":"Cart and summary successfully fetched for user: 696c9df0edd52a597164052c","timestamp":"2026-02-28T05:53:06.917Z"}
{"level":"info","message":"Cart and summary calculated for user: 696c9df0edd52a597164052c","timestamp":"2026-02-28T05:53:07.942Z"}
{"level":"info","message":"Cart and summary successfully fetched for user: 696c9df0edd52a597164052c","timestamp":"2026-02-28T05:53:07.942Z"}
{"level":"info","message":"Cart and summary calculated for user: 696c9df0edd52a597164052c","timestamp":"2026-02-28T05:53:08.932Z"}
{"level":"info","message":"Cart and summary successfully fetched for user: 696c9df0edd52a597164052c","timestamp":"2026-02-28T05:53:08.932Z"}
{"level":"info","message":"Cart and summary calculated for user: 696c9df0edd52a597164052c","timestamp":"2026-02-28T05:53:09.271Z"}
{"level":"info","message":"Cart and summary successfully fetched for user: 696c9df0edd52a597164052c","timestamp":"2026-02-28T05:53:09.271Z"}
{"level":"info","message":"Cart and summary calculated for user: 696c9df0edd52a597164052c","timestamp":"2026-02-28T05:53:14.032Z"}
{"level":"info","message":"Cart and summary successfully fetched for user: 696c9df0edd52a597164052c","timestamp":"2026-02-28T05:53:14.032Z"}
{"level":"info","message":"Cart and summary calculated for user: 696c9df0edd52a597164052c","timestamp":"2026-02-28T05:53:14.973Z"}
{"level":"info","message":"Cart and summary successfully fetched for user: 696c9df0edd52a597164052c","timestamp":"2026-02-28T05:53:14.973Z"}
{"level":"info","message":"Cart and summary calculated for user: 696c9df0edd52a597164052c","timestamp":"2026-02-28T05:53:51.003Z"}
{"level":"info","message":"Cart and summary successfully fetched for user: 696c9df0edd52a597164052c","timestamp":"2026-02-28T05:53:51.003Z"}
{"level":"info","message":"Cart and summary calculated for user: 696c9df0edd52a597164052c","timestamp":"2026-02-28T05:53:56.373Z"}
{"level":"info","message":"Cart and summary successfully fetched for user: 696c9df0edd52a597164052c","timestamp":"2026-02-28T05:53:56.373Z"}
{"level":"info","message":"Cart and summary calculated for user: 696c9df0edd52a597164052c","timestamp":"2026-02-28T05:55:15.575Z"}
{"level":"info","message":"Cart and summary successfully fetched for user: 696c9df0edd52a597164052c","timestamp":"2026-02-28T05:55:15.575Z"}
{"level":"info","message":"Cart and summary calculated for user: 696c9df0edd52a597164052c","timestamp":"2026-02-28T05:55:32.912Z"}
{"level":"info","message":"Cart and summary successfully fetched for user: 696c9df0edd52a597164052c","timestamp":"2026-02-28T05:55:32.912Z"}
{"level":"info","message":"Cart and summary calculated for user: 696c9df0edd52a597164052c","timestamp":"2026-02-28T05:55:33.913Z"}
{"level":"info","message":"Cart and summary successfully fetched for user: 696c9df0edd52a597164052c","timestamp":"2026-02-28T05:55:33.913Z"}
{"level":"info","message":"Cart and summary calculated for user: 696c9df0edd52a597164052c","timestamp":"2026-02-28T05:55:35.907Z"}
{"level":"info","message":"Cart and summary successfully fetched for user: 696c9df0edd52a597164052c","timestamp":"2026-02-28T05:55:35.907Z"}
{"level":"info","message":"Cart and summary calculated for user: 696c9df0edd52a597164052c","timestamp":"2026-02-28T05:55:50.080Z"}
{"level":"info","message":"Cart and summary successfully fetched for user: 696c9df0edd52a597164052c","timestamp":"2026-02-28T05:55:50.080Z"}
{"level":"info","message":"Cart and summary calculated for user: 696c9df0edd52a597164052c","timestamp":"2026-02-28T05:55:53.928Z"}
{"level":"info","message":"Cart and summary successfully fetched for user: 696c9df0edd52a597164052c","timestamp":"2026-02-28T05:55:53.928Z"}
{"level":"info","message":"Cart and summary calculated for user: 696c9df0edd52a597164052c","timestamp":"2026-02-28T05:55:55.912Z"}
{"level":"info","message":"Cart and summary successfully fetched for user: 696c9df0edd52a597164052c","timestamp":"2026-02-28T05:55:55.913Z"}
{"level":"info","message":"Cart and summary calculated for user: 696c9df0edd52a597164052c","timestamp":"2026-02-28T05:55:56.415Z"}
{"level":"info","message":"Cart and summary successfully fetched for user: 696c9df0edd52a597164052c","timestamp":"2026-02-28T05:55:56.415Z"}
{"level":"info","message":"Cart and summary calculated for user: 696c9df0edd52a597164052c","timestamp":"2026-02-28T05:56:01.546Z"}
{"level":"info","message":"Cart and summary successfully fetched for user: 696c9df0edd52a597164052c","timestamp":"2026-02-28T05:56:01.546Z"}
{"level":"info","message":"Cart and summary calculated for user: 696c9df0edd52a597164052c","timestamp":"2026-02-28T05:56:15.067Z"}
{"level":"info","message":"Cart and summary successfully fetched for user: 696c9df0edd52a597164052c","timestamp":"2026-02-28T05:56:15.068Z"}
{"level":"info","message":"Cart and summary calculated for user: 696c9df0edd52a597164052c","timestamp":"2026-02-28T05:56:15.965Z"}
{"level":"info","message":"Cart and summary successfully fetched for user: 696c9df0edd52a597164052c","timestamp":"2026-02-28T05:56:15.965Z"}
{"level":"info","message":"Cart and summary calculated for user: 696c9df0edd52a597164052c","timestamp":"2026-02-28T05:56:16.945Z"}
{"level":"info","message":"Cart and summary successfully fetched for user: 696c9df0edd52a597164052c","timestamp":"2026-02-28T05:56:16.946Z"}
{"level":"info","message":"Cart and summary calculated for user: 696c9df0edd52a597164052c","timestamp":"2026-02-28T05:56:19.920Z"}
{"level":"info","message":"Cart and summary successfully fetched for user: 696c9df0edd52a597164052c","timestamp":"2026-02-28T05:56:19.920Z"}
{"level":"info","message":"Cart and summary calculated for user: 696c9df0edd52a597164052c","timestamp":"2026-02-28T05:56:20.939Z"}
{"level":"info","message":"Cart and summary successfully fetched for user: 696c9df0edd52a597164052c","timestamp":"2026-02-28T05:56:20.939Z"}
{"level":"info","message":"Cart and summary calculated for user: 696c9df0edd52a597164052c","timestamp":"2026-02-28T05:56:21.932Z"}
{"level":"info","message":"Cart and summary successfully fetched for user: 696c9df0edd52a597164052c","timestamp":"2026-02-28T05:56:21.932Z"}
{"level":"info","message":"Cart and summary calculated for user: 696c9df0edd52a597164052c","timestamp":"2026-02-28T05:56:22.912Z"}
{"level":"info","message":"Cart and summary successfully fetched for user: 696c9df0edd52a597164052c","timestamp":"2026-02-28T05:56:22.912Z"}
{"level":"info","message":"Cart and summary calculated for user: 696c9df0edd52a597164052c","timestamp":"2026-02-28T05:56:24.951Z"}
{"level":"info","message":"Cart and summary successfully fetched for user: 696c9df0edd52a597164052c","timestamp":"2026-02-28T05:56:24.952Z"}
{"level":"info","message":"Cart and summary calculated for user: 696c9df0edd52a597164052c","timestamp":"2026-02-28T05:56:25.928Z"}
{"level":"info","message":"Cart and summary successfully fetched for user: 696c9df0edd52a597164052c","timestamp":"2026-02-28T05:56:25.929Z"}
{"level":"info","message":"Cart and summary calculated for user: 696c9df0edd52a597164052c","timestamp":"2026-02-28T05:56:50.913Z"}
{"level":"info","message":"Cart and summary successfully fetched for user: 696c9df0edd52a597164052c","timestamp":"2026-02-28T05:56:50.913Z"}
{"level":"info","message":"Cart and summary calculated for user: 696c9df0edd52a597164052c","timestamp":"2026-02-28T05:56:53.902Z"}
{"level":"info","message":"Cart and summary successfully fetched for user: 696c9df0edd52a597164052c","timestamp":"2026-02-28T05:56:53.902Z"}
{"level":"info","message":"Cart and summary calculated for user: 696c9df0edd52a597164052c","timestamp":"2026-02-28T05:56:55.902Z"}
{"level":"info","message":"Cart and summary successfully fetched for user: 696c9df0edd52a597164052c","timestamp":"2026-02-28T05:56:55.902Z"}
{"level":"info","message":"Cart and summary calculated for user: 696c9df0edd52a597164052c","timestamp":"2026-02-28T05:56:56.908Z"}
{"level":"info","message":"Cart and summary successfully fetched for user: 696c9df0edd52a597164052c","timestamp":"2026-02-28T05:56:56.908Z"}
{"level":"info","message":"Cart and summary calculated for user: 696c9df0edd52a597164052c","timestamp":"2026-02-28T05:56:57.944Z"}
{"level":"info","message":"Cart and summary successfully fetched for user: 696c9df0edd52a597164052c","timestamp":"2026-02-28T05:56:57.944Z"}
{"level":"info","message":"Cart and summary calculated for user: 696c9df0edd52a597164052c","timestamp":"2026-02-28T05:57:01.924Z"}
{"level":"info","message":"Cart and summary successfully fetched for user: 696c9df0edd52a597164052c","timestamp":"2026-02-28T05:57:01.924Z"}
{"level":"info","message":"Cart and summary calculated for user: 696c9df0edd52a597164052c","timestamp":"2026-02-28T05:57:02.910Z"}
{"level":"info","message":"Cart and summary successfully fetched for user: 696c9df0edd52a597164052c","timestamp":"2026-02-28T05:57:02.910Z"}
{"level":"info","message":"Cart and summary calculated for user: 696c9df0edd52a597164052c","timestamp":"2026-02-28T05:57:04.420Z"}
{"level":"info","message":"Cart and summary successfully fetched for user: 696c9df0edd52a597164052c","timestamp":"2026-02-28T05:57:04.421Z"}
{"level":"info","message":"Cart and summary calculated for user: 696c9df0edd52a597164052c","timestamp":"2026-02-28T05:57:15.940Z"}
{"level":"info","message":"Cart and summary successfully fetched for user: 696c9df0edd52a597164052c","timestamp":"2026-02-28T05:57:15.940Z"}
{"level":"info","message":"Cart and summary calculated for user: 696c9df0edd52a597164052c","timestamp":"2026-02-28T05:57:23.971Z"}
{"level":"info","message":"Cart and summary successfully fetched for user: 696c9df0edd52a597164052c","timestamp":"2026-02-28T05:57:23.971Z"}
{"level":"info","message":"Cart and summary calculated for user: 696c9df0edd52a597164052c","timestamp":"2026-02-28T05:57:24.486Z"}
{"level":"info","message":"Cart and summary successfully fetched for user: 696c9df0edd52a597164052c","timestamp":"2026-02-28T05:57:24.487Z"}
{"level":"info","message":"Cart and summary calculated for user: 696c9df0edd52a597164052c","timestamp":"2026-02-28T05:57:55.910Z"}
{"level":"info","message":"Cart and summary successfully fetched for user: 696c9df0edd52a597164052c","timestamp":"2026-02-28T05:57:55.910Z"}
{"level":"info","message":"Cart and summary calculated for user: 696c9df0edd52a597164052c","timestamp":"2026-02-28T05:57:59.913Z"}
{"level":"info","message":"Cart and summary successfully fetched for user: 696c9df0edd52a597164052c","timestamp":"2026-02-28T05:57:59.913Z"}
{"level":"info","message":"Cart and summary calculated for user: 696c9df0edd52a597164052c","timestamp":"2026-02-28T05:58:08.953Z"}
{"level":"info","message":"Cart and summary successfully fetched for user: 696c9df0edd52a597164052c","timestamp":"2026-02-28T05:58:08.953Z"}
{"level":"info","message":"Cart and summary calculated for user: 696c9df0edd52a597164052c","timestamp":"2026-02-28T05:58:16.176Z"}
{"level":"info","message":"Cart and summary successfully fetched for user: 696c9df0edd52a597164052c","timestamp":"2026-02-28T05:58:16.177Z"}
{"level":"info","message":"Cart and summary calculated for user: 696c9df0edd52a597164052c","timestamp":"2026-02-28T05:58:22.567Z"}
{"level":"info","message":"Cart and summary successfully fetched for user: 696c9df0edd52a597164052c","timestamp":"2026-02-28T05:58:22.567Z"}
{"level":"info","message":"Cart and summary calculated for user: 696c9df0edd52a597164052c","timestamp":"2026-02-28T05:58:32.394Z"}
{"level":"info","message":"Cart and summary successfully fetched for user: 696c9df0edd52a597164052c","timestamp":"2026-02-28T05:58:32.394Z"}
{"level":"info","message":"Cart and summary calculated for user: 696c9df0edd52a597164052c","timestamp":"2026-02-28T05:58:47.718Z"}
{"level":"info","message":"Cart and summary successfully fetched for user: 696c9df0edd52a597164052c","timestamp":"2026-02-28T05:58:47.718Z"}
{"level":"info","message":"Cart and summary calculated for user: 696c9df0edd52a597164052c","timestamp":"2026-02-28T05:58:48.893Z"}
{"level":"info","message":"Cart and summary successfully fetched for user: 696c9df0edd52a597164052c","timestamp":"2026-02-28T05:58:48.893Z"}
{"level":"info","message":"Cart and summary calculated for user: 696c9df0edd52a597164052c","timestamp":"2026-02-28T05:59:10.896Z"}
{"level":"info","message":"Cart and summary successfully fetched for user: 696c9df0edd52a597164052c","timestamp":"2026-02-28T05:59:10.896Z"}
{"level":"info","message":"Cart and summary calculated for user: 696c9df0edd52a597164052c","timestamp":"2026-02-28T05:59:40.436Z"}
{"level":"info","message":"Cart and summary successfully fetched for user: 696c9df0edd52a597164052c","timestamp":"2026-02-28T05:59:40.436Z"}
{"level":"error","message":"jwt expired","stack":"TokenExpiredError: jwt expired\n    at C:\\Users\\aswat\\OneDrive\\Documents\\BinIt Project\\binit-project\\backend\\node_modules\\jsonwebtoken\\verify.js:190:21\n    at getSecret (C:\\Users\\aswat\\OneDrive\\Documents\\BinIt Project\\binit-project\\backend\\node_modules\\jsonwebtoken\\verify.js:97:14)\n    at module.exports [as verify] (C:\\Users\\aswat\\OneDrive\\Documents\\BinIt Project\\binit-project\\backend\\node_modules\\jsonwebtoken\\verify.js:101:10)\n    at verifyAccessToken (file:///C:/Users/aswat/OneDrive/Documents/BinIt%20Project/binit-project/backend/src/utils/jwt.js:55:16)\n    at authenticateUser (file:///C:/Users/aswat/OneDrive/Documents/BinIt%20Project/binit-project/backend/src/middlewares/user/authenticate-user.js:16:24)\n    at Layer.handleRequest (C:\\Users\\aswat\\OneDrive\\Documents\\BinIt Project\\binit-project\\backend\\node_modules\\router\\lib\\layer.js:152:17)\n    at trimPrefix (C:\\Users\\aswat\\OneDrive\\Documents\\BinIt Project\\binit-project\\backend\\node_modules\\router\\index.js:342:13)\n    at C:\\Users\\aswat\\OneDrive\\Documents\\BinIt Project\\binit-project\\backend\\node_modules\\router\\index.js:297:9\n    at processParams (C:\\Users\\aswat\\OneDrive\\Documents\\BinIt Project\\binit-project\\backend\\node_modules\\router\\index.js:582:12)\n    at next (C:\\Users\\aswat\\OneDrive\\Documents\\BinIt Project\\binit-project\\backend\\node_modules\\router\\index.js:291:5)","timestamp":"2026-02-28T06:03:46.860Z"}
{"level":"info","message":"Cart and summary calculated for user: 696c9df0edd52a597164052c","timestamp":"2026-02-28T06:03:47.244Z"}
{"level":"info","message":"Cart and summary successfully fetched for user: 696c9df0edd52a597164052c","timestamp":"2026-02-28T06:03:47.244Z"}
{"level":"info","message":"Cart and summary calculated for user: 696c9df0edd52a597164052c","timestamp":"2026-02-28T06:05:04.740Z"}
{"level":"info","message":"Cart and summary successfully fetched for user: 696c9df0edd52a597164052c","timestamp":"2026-02-28T06:05:04.741Z"}
{"level":"info","message":"Cart and summary calculated for user: 696c9df0edd52a597164052c","timestamp":"2026-02-28T06:05:53.642Z"}
{"level":"info","message":"Cart and summary successfully fetched for user: 696c9df0edd52a597164052c","timestamp":"2026-02-28T06:05:53.642Z"}
{"level":"info","message":"Cart and summary calculated for user: 696c9df0edd52a597164052c","timestamp":"2026-02-28T06:05:58.931Z"}
{"level":"info","message":"Cart and summary successfully fetched for user: 696c9df0edd52a597164052c","timestamp":"2026-02-28T06:05:58.931Z"}
{"level":"info","message":"Cart and summary calculated for user: 696c9df0edd52a597164052c","timestamp":"2026-02-28T06:06:20.937Z"}
{"level":"info","message":"Cart and summary successfully fetched for user: 696c9df0edd52a597164052c","timestamp":"2026-02-28T06:06:20.937Z"}
{"level":"info","message":"Cart and summary calculated for user: 696c9df0edd52a597164052c","timestamp":"2026-02-28T06:06:21.902Z"}
{"level":"info","message":"Cart and summary successfully fetched for user: 696c9df0edd52a597164052c","timestamp":"2026-02-28T06:06:21.902Z"}
{"level":"info","message":"Cart and summary calculated for user: 696c9df0edd52a597164052c","timestamp":"2026-02-28T06:06:28.926Z"}
{"level":"info","message":"Cart and summary successfully fetched for user: 696c9df0edd52a597164052c","timestamp":"2026-02-28T06:06:28.926Z"}
{"level":"info","message":"Cart and summary calculated for user: 696c9df0edd52a597164052c","timestamp":"2026-02-28T06:06:31.926Z"}
{"level":"info","message":"Cart and summary successfully fetched for user: 696c9df0edd52a597164052c","timestamp":"2026-02-28T06:06:31.926Z"}
{"level":"info","message":"Cart and summary calculated for user: 696c9df0edd52a597164052c","timestamp":"2026-02-28T06:06:34.506Z"}
{"level":"info","message":"Cart and summary successfully fetched for user: 696c9df0edd52a597164052c","timestamp":"2026-02-28T06:06:34.506Z"}
{"level":"info","message":"Cart and summary calculated for user: 696c9df0edd52a597164052c","timestamp":"2026-02-28T06:06:41.950Z"}
{"level":"info","message":"Cart and summary successfully fetched for user: 696c9df0edd52a597164052c","timestamp":"2026-02-28T06:06:41.950Z"}
{"level":"info","message":"Cart and summary calculated for user: 696c9df0edd52a597164052c","timestamp":"2026-02-28T06:06:42.925Z"}
{"level":"info","message":"Cart and summary successfully fetched for user: 696c9df0edd52a597164052c","timestamp":"2026-02-28T06:06:42.925Z"}
{"level":"info","message":"Cart and summary calculated for user: 696c9df0edd52a597164052c","timestamp":"2026-02-28T06:06:43.989Z"}
{"level":"info","message":"Cart and summary successfully fetched for user: 696c9df0edd52a597164052c","timestamp":"2026-02-28T06:06:43.989Z"}
{"level":"info","message":"Cart and summary calculated for user: 696c9df0edd52a597164052c","timestamp":"2026-02-28T06:06:48.918Z"}
{"level":"info","message":"Cart and summary successfully fetched for user: 696c9df0edd52a597164052c","timestamp":"2026-02-28T06:06:48.918Z"}
{"level":"info","message":"Cart and summary calculated for user: 696c9df0edd52a597164052c","timestamp":"2026-02-28T06:06:49.718Z"}
{"level":"info","message":"Cart and summary successfully fetched for user: 696c9df0edd52a597164052c","timestamp":"2026-02-28T06:06:49.718Z"}
{"level":"info","message":"Cart and summary calculated for user: 696c9df0edd52a597164052c","timestamp":"2026-02-28T06:06:54.940Z"}
{"level":"info","message":"Cart and summary successfully fetched for user: 696c9df0edd52a597164052c","timestamp":"2026-02-28T06:06:54.940Z"}
{"level":"info","message":"Cart and summary calculated for user: 696c9df0edd52a597164052c","timestamp":"2026-02-28T06:06:56.900Z"}
{"level":"info","message":"Cart and summary successfully fetched for user: 696c9df0edd52a597164052c","timestamp":"2026-02-28T06:06:56.900Z"}
{"level":"info","message":"Cart and summary calculated for user: 696c9df0edd52a597164052c","timestamp":"2026-02-28T06:06:59.614Z"}
{"level":"info","message":"Cart and summary successfully fetched for user: 696c9df0edd52a597164052c","timestamp":"2026-02-28T06:06:59.615Z"}
{"level":"info","message":"Cart and summary calculated for user: 696c9df0edd52a597164052c","timestamp":"2026-02-28T06:07:01.783Z"}
{"level":"info","message":"Cart and summary successfully fetched for user: 696c9df0edd52a597164052c","timestamp":"2026-02-28T06:07:01.783Z"}
{"level":"info","message":"Cart and summary calculated for user: 696c9df0edd52a597164052c","timestamp":"2026-02-28T06:07:04.939Z"}
{"level":"info","message":"Cart and summary successfully fetched for user: 696c9df0edd52a597164052c","timestamp":"2026-02-28T06:07:04.939Z"}
{"level":"info","message":"Cart and summary calculated for user: 696c9df0edd52a597164052c","timestamp":"2026-02-28T06:07:05.949Z"}
{"level":"info","message":"Cart and summary successfully fetched for user: 696c9df0edd52a597164052c","timestamp":"2026-02-28T06:07:05.949Z"}
{"level":"info","message":"Cart and summary calculated for user: 696c9df0edd52a597164052c","timestamp":"2026-02-28T06:07:06.915Z"}
{"level":"info","message":"Cart and summary successfully fetched for user: 696c9df0edd52a597164052c","timestamp":"2026-02-28T06:07:06.915Z"}
{"level":"info","message":"Cart and summary calculated for user: 696c9df0edd52a597164052c","timestamp":"2026-02-28T06:07:07.943Z"}
{"level":"info","message":"Cart and summary successfully fetched for user: 696c9df0edd52a597164052c","timestamp":"2026-02-28T06:07:07.944Z"}
{"level":"info","message":"Cart and summary calculated for user: 696c9df0edd52a597164052c","timestamp":"2026-02-28T06:07:09.758Z"}
{"level":"info","message":"Cart and summary successfully fetched for user: 696c9df0edd52a597164052c","timestamp":"2026-02-28T06:07:09.758Z"}
{"level":"info","message":"Cart and summary calculated for user: 696c9df0edd52a597164052c","timestamp":"2026-02-28T06:08:45.153Z"}
{"level":"info","message":"Cart and summary successfully fetched for user: 696c9df0edd52a597164052c","timestamp":"2026-02-28T06:08:45.154Z"}
{"level":"info","message":"Cart and summary calculated for user: 696c9df0edd52a597164052c","timestamp":"2026-02-28T06:11:17.033Z"}
{"level":"info","message":"Cart and summary successfully fetched for user: 696c9df0edd52a597164052c","timestamp":"2026-02-28T06:11:17.033Z"}
{"level":"info","message":"Cart and summary calculated for user: 696c9df0edd52a597164052c","timestamp":"2026-02-28T06:13:21.595Z"}
{"level":"info","message":"Cart and summary successfully fetched for user: 696c9df0edd52a597164052c","timestamp":"2026-02-28T06:13:21.596Z"}
{"level":"info","message":"Cart and summary calculated for user: 696c9df0edd52a597164052c","timestamp":"2026-02-28T06:13:32.337Z"}
{"level":"info","message":"Cart and summary successfully fetched for user: 696c9df0edd52a597164052c","timestamp":"2026-02-28T06:13:32.338Z"}
{"level":"info","message":"Cart and summary calculated for user: 696c9df0edd52a597164052c","timestamp":"2026-02-28T06:14:09.616Z"}
{"level":"info","message":"Cart and summary successfully fetched for user: 696c9df0edd52a597164052c","timestamp":"2026-02-28T06:14:09.616Z"}
{"level":"info","message":"Received order creation request for user 696c9df0edd52a597164052c","timestamp":"2026-02-28T06:14:11.113Z"}
{"level":"info","message":"Cart and summary calculated for user: 696c9df0edd52a597164052c","timestamp":"2026-02-28T06:14:11.242Z"}
{"level":"error","message":"Order validation failed: paymentMethod: `Wallet_Credit` is not a valid enum value for path `paymentMethod`.","stack":"ValidationError: Order validation failed: paymentMethod: `Wallet_Credit` is not a valid enum value for path `paymentMethod`.\n    at Document.invalidate (C:\\Users\\aswat\\OneDrive\\Documents\\BinIt Project\\binit-project\\backend\\node_modules\\mongoose\\lib\\document.js:3377:32)\n    at validatePath (C:\\Users\\aswat\\OneDrive\\Documents\\BinIt Project\\binit-project\\backend\\node_modules\\mongoose\\lib\\document.js:3152:13)\n    at process.processTicksAndRejections (node:internal/process/task_queues:105:5)\n    at async Promise.all (index 7)\n    at async model.$__validate (C:\\Users\\aswat\\OneDrive\\Documents\\BinIt Project\\binit-project\\backend\\node_modules\\mongoose\\lib\\document.js:3093:3)\n    at async model.validate (C:\\Users\\aswat\\OneDrive\\Documents\\BinIt Project\\binit-project\\backend\\node_modules\\mongoose\\lib\\document.js:2670:5)\n    at async model.validateBeforeSave (C:\\Users\\aswat\\OneDrive\\Documents\\BinIt Project\\binit-project\\backend\\node_modules\\mongoose\\lib\\plugins\\validateBeforeSave.js:34:7)\n    at async Kareem.execPre (C:\\Users\\aswat\\OneDrive\\Documents\\BinIt Project\\binit-project\\backend\\node_modules\\kareem\\index.js:65:24)\n    at async model.$__save (C:\\Users\\aswat\\OneDrive\\Documents\\BinIt Project\\binit-project\\backend\\node_modules\\mongoose\\lib\\model.js:369:5)\n    at async model.save (C:\\Users\\aswat\\OneDrive\\Documents\\BinIt Project\\binit-project\\backend\\node_modules\\mongoose\\lib\\model.js:609:5)","timestamp":"2026-02-28T06:14:11.319Z"}
{"level":"info","message":"Received order creation request for user 696c9df0edd52a597164052c","timestamp":"2026-02-28T06:14:16.975Z"}
{"level":"info","message":"Cart and summary calculated for user: 696c9df0edd52a597164052c","timestamp":"2026-02-28T06:14:17.082Z"}
{"level":"error","message":"Order validation failed: paymentMethod: `Wallet_Credit` is not a valid enum value for path `paymentMethod`.","stack":"ValidationError: Order validation failed: paymentMethod: `Wallet_Credit` is not a valid enum value for path `paymentMethod`.\n    at Document.invalidate (C:\\Users\\aswat\\OneDrive\\Documents\\BinIt Project\\binit-project\\backend\\node_modules\\mongoose\\lib\\document.js:3377:32)\n    at validatePath (C:\\Users\\aswat\\OneDrive\\Documents\\BinIt Project\\binit-project\\backend\\node_modules\\mongoose\\lib\\document.js:3152:13)\n    at process.processTicksAndRejections (node:internal/process/task_queues:105:5)\n    at async Promise.all (index 7)\n    at async model.$__validate (C:\\Users\\aswat\\OneDrive\\Documents\\BinIt Project\\binit-project\\backend\\node_modules\\mongoose\\lib\\document.js:3093:3)\n    at async model.validate (C:\\Users\\aswat\\OneDrive\\Documents\\BinIt Project\\binit-project\\backend\\node_modules\\mongoose\\lib\\document.js:2670:5)\n    at async model.validateBeforeSave (C:\\Users\\aswat\\OneDrive\\Documents\\BinIt Project\\binit-project\\backend\\node_modules\\mongoose\\lib\\plugins\\validateBeforeSave.js:34:7)\n    at async Kareem.execPre (C:\\Users\\aswat\\OneDrive\\Documents\\BinIt Project\\binit-project\\backend\\node_modules\\kareem\\index.js:65:24)\n    at async model.$__save (C:\\Users\\aswat\\OneDrive\\Documents\\BinIt Project\\binit-project\\backend\\node_modules\\mongoose\\lib\\model.js:369:5)\n    at async model.save (C:\\Users\\aswat\\OneDrive\\Documents\\BinIt Project\\binit-project\\backend\\node_modules\\mongoose\\lib\\model.js:609:5)","timestamp":"2026-02-28T06:14:17.119Z"}
{"level":"info","message":"Cart and summary calculated for user: 696c9df0edd52a597164052c","timestamp":"2026-02-28T06:14:30.226Z"}
{"level":"info","message":"Cart and summary successfully fetched for user: 696c9df0edd52a597164052c","timestamp":"2026-02-28T06:14:30.226Z"}
{"level":"info","message":"Cart and summary calculated for user: 696c9df0edd52a597164052c","timestamp":"2026-02-28T06:14:55.927Z"}
{"level":"info","message":"Cart and summary successfully fetched for user: 696c9df0edd52a597164052c","timestamp":"2026-02-28T06:14:55.928Z"}
{"level":"info","message":"Cart and summary calculated for user: 696c9df0edd52a597164052c","timestamp":"2026-02-28T06:14:56.918Z"}
{"level":"info","message":"Cart and summary successfully fetched for user: 696c9df0edd52a597164052c","timestamp":"2026-02-28T06:14:56.918Z"}
{"level":"info","message":"Cart and summary calculated for user: 696c9df0edd52a597164052c","timestamp":"2026-02-28T06:14:57.903Z"}
{"level":"info","message":"Cart and summary successfully fetched for user: 696c9df0edd52a597164052c","timestamp":"2026-02-28T06:14:57.903Z"}
{"level":"info","message":"Cart and summary calculated for user: 696c9df0edd52a597164052c","timestamp":"2026-02-28T06:14:59.031Z"}
{"level":"info","message":"Cart and summary successfully fetched for user: 696c9df0edd52a597164052c","timestamp":"2026-02-28T06:14:59.031Z"}
{"level":"error","message":"jwt expired","stack":"TokenExpiredError: jwt expired\n    at C:\\Users\\aswat\\OneDrive\\Documents\\BinIt Project\\binit-project\\backend\\node_modules\\jsonwebtoken\\verify.js:190:21\n    at getSecret (C:\\Users\\aswat\\OneDrive\\Documents\\BinIt Project\\binit-project\\backend\\node_modules\\jsonwebtoken\\verify.js:97:14)\n    at module.exports [as verify] (C:\\Users\\aswat\\OneDrive\\Documents\\BinIt Project\\binit-project\\backend\\node_modules\\jsonwebtoken\\verify.js:101:10)\n    at verifyAccessToken (file:///C:/Users/aswat/OneDrive/Documents/BinIt%20Project/binit-project/backend/src/utils/jwt.js:55:16)\n    at authenticateUser (file:///C:/Users/aswat/OneDrive/Documents/BinIt%20Project/binit-project/backend/src/middlewares/user/authenticate-user.js:16:24)\n    at Layer.handleRequest (C:\\Users\\aswat\\OneDrive\\Documents\\BinIt Project\\binit-project\\backend\\node_modules\\router\\lib\\layer.js:152:17)\n    at trimPrefix (C:\\Users\\aswat\\OneDrive\\Documents\\BinIt Project\\binit-project\\backend\\node_modules\\router\\index.js:342:13)\n    at C:\\Users\\aswat\\OneDrive\\Documents\\BinIt Project\\binit-project\\backend\\node_modules\\router\\index.js:297:9\n    at processParams (C:\\Users\\aswat\\OneDrive\\Documents\\BinIt Project\\binit-project\\backend\\node_modules\\router\\index.js:582:12)\n    at next (C:\\Users\\aswat\\OneDrive\\Documents\\BinIt Project\\binit-project\\backend\\node_modules\\router\\index.js:291:5)","timestamp":"2026-02-28T06:18:56.516Z"}
{"level":"info","message":"Cart and summary calculated for user: 696c9df0edd52a597164052c","timestamp":"2026-02-28T06:18:56.892Z"}
{"level":"info","message":"Cart and summary successfully fetched for user: 696c9df0edd52a597164052c","timestamp":"2026-02-28T06:18:56.892Z"}
{"level":"info","message":"Cart and summary calculated for user: 696c9df0edd52a597164052c","timestamp":"2026-02-28T06:19:18.039Z"}
{"level":"info","message":"Cart and summary successfully fetched for user: 696c9df0edd52a597164052c","timestamp":"2026-02-28T06:19:18.039Z"}
{"level":"info","message":"Cart and summary calculated for user: 696c9df0edd52a597164052c","timestamp":"2026-02-28T06:19:21.945Z"}
{"level":"info","message":"Cart and summary successfully fetched for user: 696c9df0edd52a597164052c","timestamp":"2026-02-28T06:19:21.946Z"}
{"level":"info","message":"Cart and summary calculated for user: 696c9df0edd52a597164052c","timestamp":"2026-02-28T06:19:22.340Z"}
{"level":"info","message":"Cart and summary successfully fetched for user: 696c9df0edd52a597164052c","timestamp":"2026-02-28T06:19:22.340Z"}
{"level":"info","message":"Received order creation request for user 696c9df0edd52a597164052c","timestamp":"2026-02-28T06:19:24.244Z"}
{"level":"info","message":"Cart and summary calculated for user: 696c9df0edd52a597164052c","timestamp":"2026-02-28T06:19:24.352Z"}
{"level":"error","message":"Order validation failed: paymentMethod: `Wallet_C` is not a valid enum value for path `paymentMethod`.","stack":"ValidationError: Order validation failed: paymentMethod: `Wallet_C` is not a valid enum value for path `paymentMethod`.\n    at Document.invalidate (C:\\Users\\aswat\\OneDrive\\Documents\\BinIt Project\\binit-project\\backend\\node_modules\\mongoose\\lib\\document.js:3377:32)\n    at validatePath (C:\\Users\\aswat\\OneDrive\\Documents\\BinIt Project\\binit-project\\backend\\node_modules\\mongoose\\lib\\document.js:3152:13)\n    at process.processTicksAndRejections (node:internal/process/task_queues:105:5)\n    at async Promise.all (index 7)\n    at async model.$__validate (C:\\Users\\aswat\\OneDrive\\Documents\\BinIt Project\\binit-project\\backend\\node_modules\\mongoose\\lib\\document.js:3093:3)\n    at async model.validate (C:\\Users\\aswat\\OneDrive\\Documents\\BinIt Project\\binit-project\\backend\\node_modules\\mongoose\\lib\\document.js:2670:5)\n    at async model.validateBeforeSave (C:\\Users\\aswat\\OneDrive\\Documents\\BinIt Project\\binit-project\\backend\\node_modules\\mongoose\\lib\\plugins\\validateBeforeSave.js:34:7)\n    at async Kareem.execPre (C:\\Users\\aswat\\OneDrive\\Documents\\BinIt Project\\binit-project\\backend\\node_modules\\kareem\\index.js:65:24)\n    at async model.$__save (C:\\Users\\aswat\\OneDrive\\Documents\\BinIt Project\\binit-project\\backend\\node_modules\\mongoose\\lib\\model.js:369:5)\n    at async model.save (C:\\Users\\aswat\\OneDrive\\Documents\\BinIt Project\\binit-project\\backend\\node_modules\\mongoose\\lib\\model.js:609:5)","timestamp":"2026-02-28T06:19:24.394Z"}
{"level":"info","message":"Cart and summary calculated for user: 696c9df0edd52a597164052c","timestamp":"2026-02-28T06:19:28.761Z"}
{"level":"info","message":"Cart and summary successfully fetched for user: 696c9df0edd52a597164052c","timestamp":"2026-02-28T06:19:28.762Z"}
{"level":"info","message":"Received order creation request for user 696c9df0edd52a597164052c","timestamp":"2026-02-28T06:19:30.817Z"}
{"level":"info","message":"Cart and summary calculated for user: 696c9df0edd52a597164052c","timestamp":"2026-02-28T06:19:30.925Z"}
{"level":"error","message":"Order validation failed: paymentMethod: `Wallet_C` is not a valid enum value for path `paymentMethod`.","stack":"ValidationError: Order validation failed: paymentMethod: `Wallet_C` is not a valid enum value for path `paymentMethod`.\n    at Document.invalidate (C:\\Users\\aswat\\OneDrive\\Documents\\BinIt Project\\binit-project\\backend\\node_modules\\mongoose\\lib\\document.js:3377:32)\n    at validatePath (C:\\Users\\aswat\\OneDrive\\Documents\\BinIt Project\\binit-project\\backend\\node_modules\\mongoose\\lib\\document.js:3152:13)\n    at process.processTicksAndRejections (node:internal/process/task_queues:105:5)\n    at async Promise.all (index 7)\n    at async model.$__validate (C:\\Users\\aswat\\OneDrive\\Documents\\BinIt Project\\binit-project\\backend\\node_modules\\mongoose\\lib\\document.js:3093:3)\n    at async model.validate (C:\\Users\\aswat\\OneDrive\\Documents\\BinIt Project\\binit-project\\backend\\node_modules\\mongoose\\lib\\document.js:2670:5)\n    at async model.validateBeforeSave (C:\\Users\\aswat\\OneDrive\\Documents\\BinIt Project\\binit-project\\backend\\node_modules\\mongoose\\lib\\plugins\\validateBeforeSave.js:34:7)\n    at async Kareem.execPre (C:\\Users\\aswat\\OneDrive\\Documents\\BinIt Project\\binit-project\\backend\\node_modules\\kareem\\index.js:65:24)\n    at async model.$__save (C:\\Users\\aswat\\OneDrive\\Documents\\BinIt Project\\binit-project\\backend\\node_modules\\mongoose\\lib\\model.js:369:5)\n    at async model.save (C:\\Users\\aswat\\OneDrive\\Documents\\BinIt Project\\binit-project\\backend\\node_modules\\mongoose\\lib\\model.js:609:5)","timestamp":"2026-02-28T06:19:30.963Z"}
{"level":"error","message":"Admin access required.","stack":"Error: Admin access required.\n    at verifyAdminToken (file:///C:/Users/aswat/OneDrive/Documents/BinIt%20Project/binit-project/backend/src/middlewares/admin/authenticate-admin.js:12:11)\n    at Layer.handleRequest (C:\\Users\\aswat\\OneDrive\\Documents\\BinIt Project\\binit-project\\backend\\node_modules\\router\\lib\\layer.js:152:17)\n    at trimPrefix (C:\\Users\\aswat\\OneDrive\\Documents\\BinIt Project\\binit-project\\backend\\node_modules\\router\\index.js:342:13)\n    at C:\\Users\\aswat\\OneDrive\\Documents\\BinIt Project\\binit-project\\backend\\node_modules\\router\\index.js:297:9\n    at processParams (C:\\Users\\aswat\\OneDrive\\Documents\\BinIt Project\\binit-project\\backend\\node_modules\\router\\index.js:582:12)\n    at next (C:\\Users\\aswat\\OneDrive\\Documents\\BinIt Project\\binit-project\\backend\\node_modules\\router\\index.js:291:5)\n    at Function.handle (C:\\Users\\aswat\\OneDrive\\Documents\\BinIt Project\\binit-project\\backend\\node_modules\\router\\index.js:186:3)\n    at router (C:\\Users\\aswat\\OneDrive\\Documents\\BinIt Project\\binit-project\\backend\\node_modules\\router\\index.js:60:12)\n    at Layer.handleRequest (C:\\Users\\aswat\\OneDrive\\Documents\\BinIt Project\\binit-project\\backend\\node_modules\\router\\lib\\layer.js:152:17)\n    at trimPrefix (C:\\Users\\aswat\\OneDrive\\Documents\\BinIt Project\\binit-project\\backend\\node_modules\\router\\index.js:342:13)","timestamp":"2026-02-28T06:19:34.336Z"}
{"level":"info","message":"Cart and summary calculated for user: 696c9df0edd52a597164052c","timestamp":"2026-02-28T06:19:35.008Z"}
{"level":"info","message":"Cart and summary successfully fetched for user: 696c9df0edd52a597164052c","timestamp":"2026-02-28T06:19:35.008Z"}
{"level":"info","message":"Cart and summary calculated for user: 696c9df0edd52a597164052c","timestamp":"2026-02-28T06:19:47.363Z"}
{"level":"info","message":"Cart and summary successfully fetched for user: 696c9df0edd52a597164052c","timestamp":"2026-02-28T06:19:47.364Z"}
{"level":"info","message":"Received order creation request for user 696c9df0edd52a597164052c","timestamp":"2026-02-28T06:19:48.933Z"}
{"level":"info","message":"Cart and summary calculated for user: 696c9df0edd52a597164052c","timestamp":"2026-02-28T06:19:49.098Z"}
{"level":"info","message":"Order created successfully for user 696c9df0edd52a597164052c. Order ID: #ORD-589217","timestamp":"2026-02-28T06:19:49.522Z"}
{"level":"info","message":"Cart and summary successfully fetched for user: 696c9df0edd52a597164052c","timestamp":"2026-02-28T06:19:49.615Z"}
{"level":"info","message":"Request received: Get orders for user 696c9df0edd52a597164052c","timestamp":"2026-02-28T06:19:57.598Z"}
{"level":"info","message":"Fetched 23 orders for user 696c9df0edd52a597164052c","timestamp":"2026-02-28T06:19:57.718Z"}
{"level":"info","message":"Item 6982d63ac2eea4abdc25d3cd added to cart for user 696c9df0edd52a597164052c","timestamp":"2026-02-28T06:26:02.088Z"}
{"level":"info","message":"User 696c9df0edd52a597164052c added item to cart","timestamp":"2026-02-28T06:26:02.089Z"}
{"level":"info","message":"Cart and summary calculated for user: 696c9df0edd52a597164052c","timestamp":"2026-02-28T06:26:06.816Z"}
{"level":"info","message":"Cart and summary successfully fetched for user: 696c9df0edd52a597164052c","timestamp":"2026-02-28T06:26:06.816Z"}
{"level":"info","message":"Cart and summary calculated for user: 696c9df0edd52a597164052c","timestamp":"2026-02-28T06:26:11.778Z"}
{"level":"info","message":"Cart and summary successfully fetched for user: 696c9df0edd52a597164052c","timestamp":"2026-02-28T06:26:11.778Z"}
{"level":"info","message":"Cart and summary calculated for user: 696c9df0edd52a597164052c","timestamp":"2026-02-28T06:33:13.956Z"}
{"level":"info","message":"Cart and summary successfully fetched for user: 696c9df0edd52a597164052c","timestamp":"2026-02-28T06:33:13.956Z"}
{"level":"info","message":"Cart and summary calculated for user: 696c9df0edd52a597164052c","timestamp":"2026-02-28T06:33:18.952Z"}
{"level":"info","message":"Cart and summary successfully fetched for user: 696c9df0edd52a597164052c","timestamp":"2026-02-28T06:33:18.952Z"}
{"level":"info","message":"Cart and summary calculated for user: 696c9df0edd52a597164052c","timestamp":"2026-02-28T06:33:23.986Z"}
{"level":"info","message":"Cart and summary successfully fetched for user: 696c9df0edd52a597164052c","timestamp":"2026-02-28T06:33:23.986Z"}
{"level":"error","message":"jwt expired","stack":"TokenExpiredError: jwt expired\n    at C:\\Users\\aswat\\OneDrive\\Documents\\BinIt Project\\binit-project\\backend\\node_modules\\jsonwebtoken\\verify.js:190:21\n    at getSecret (C:\\Users\\aswat\\OneDrive\\Documents\\BinIt Project\\binit-project\\backend\\node_modules\\jsonwebtoken\\verify.js:97:14)\n    at module.exports [as verify] (C:\\Users\\aswat\\OneDrive\\Documents\\BinIt Project\\binit-project\\backend\\node_modules\\jsonwebtoken\\verify.js:101:10)\n    at verifyAccessToken (file:///C:/Users/aswat/OneDrive/Documents/BinIt%20Project/binit-project/backend/src/utils/jwt.js:55:16)\n    at authenticateUser (file:///C:/Users/aswat/OneDrive/Documents/BinIt%20Project/binit-project/backend/src/middlewares/user/authenticate-user.js:16:24)\n    at Layer.handleRequest (C:\\Users\\aswat\\OneDrive\\Documents\\BinIt Project\\binit-project\\backend\\node_modules\\router\\lib\\layer.js:152:17)\n    at trimPrefix (C:\\Users\\aswat\\OneDrive\\Documents\\BinIt Project\\binit-project\\backend\\node_modules\\router\\index.js:342:13)\n    at C:\\Users\\aswat\\OneDrive\\Documents\\BinIt Project\\binit-project\\backend\\node_modules\\router\\index.js:297:9\n    at processParams (C:\\Users\\aswat\\OneDrive\\Documents\\BinIt Project\\binit-project\\backend\\node_modules\\router\\index.js:582:12)\n    at next (C:\\Users\\aswat\\OneDrive\\Documents\\BinIt Project\\binit-project\\backend\\node_modules\\router\\index.js:291:5)","timestamp":"2026-02-28T06:37:09.528Z"}
{"level":"info","message":"Cart and summary calculated for user: 696c9df0edd52a597164052c","timestamp":"2026-02-28T06:37:10.257Z"}
{"level":"info","message":"Cart and summary successfully fetched for user: 696c9df0edd52a597164052c","timestamp":"2026-02-28T06:37:10.258Z"}
{"level":"info","message":"Cart and summary calculated for user: 696c9df0edd52a597164052c","timestamp":"2026-02-28T06:37:12.435Z"}
{"level":"info","message":"Cart and summary successfully fetched for user: 696c9df0edd52a597164052c","timestamp":"2026-02-28T06:37:12.435Z"}
{"level":"info","message":"Cart and summary calculated for user: 696c9df0edd52a597164052c","timestamp":"2026-02-28T06:37:32.167Z"}
{"level":"info","message":"Cart and summary successfully fetched for user: 696c9df0edd52a597164052c","timestamp":"2026-02-28T06:37:32.167Z"}
{"level":"info","message":"Cart and summary calculated for user: 696c9df0edd52a597164052c","timestamp":"2026-02-28T06:38:46.804Z"}
{"level":"info","message":"Cart and summary successfully fetched for user: 696c9df0edd52a597164052c","timestamp":"2026-02-28T06:38:46.804Z"}
{"level":"info","message":"Cart and summary calculated for user: 696c9df0edd52a597164052c","timestamp":"2026-02-28T06:38:49.612Z"}
{"level":"info","message":"Cart and summary successfully fetched for user: 696c9df0edd52a597164052c","timestamp":"2026-02-28T06:38:49.613Z"}
{"level":"info","message":"Cart and summary calculated for user: 696c9df0edd52a597164052c","timestamp":"2026-02-28T06:40:22.653Z"}
{"level":"info","message":"Cart and summary successfully fetched for user: 696c9df0edd52a597164052c","timestamp":"2026-02-28T06:40:22.653Z"}
{"level":"info","message":"Cart and summary calculated for user: 696c9df0edd52a597164052c","timestamp":"2026-02-28T06:40:33.070Z"}
{"level":"info","message":"Cart and summary successfully fetched for user: 696c9df0edd52a597164052c","timestamp":"2026-02-28T06:40:33.071Z"}
{"level":"info","message":"Cart and summary calculated for user: 696c9df0edd52a597164052c","timestamp":"2026-02-28T06:40:54.061Z"}
{"level":"info","message":"Cart and summary successfully fetched for user: 696c9df0edd52a597164052c","timestamp":"2026-02-28T06:40:54.061Z"}
{"level":"info","message":"Cart and summary calculated for user: 696c9df0edd52a597164052c","timestamp":"2026-02-28T06:41:22.006Z"}
{"level":"info","message":"Cart and summary successfully fetched for user: 696c9df0edd52a597164052c","timestamp":"2026-02-28T06:41:22.007Z"}
{"level":"info","message":"Cart and summary calculated for user: 696c9df0edd52a597164052c","timestamp":"2026-02-28T06:41:30.968Z"}
{"level":"info","message":"Cart and summary successfully fetched for user: 696c9df0edd52a597164052c","timestamp":"2026-02-28T06:41:30.969Z"}
{"level":"info","message":"Cart and summary calculated for user: 696c9df0edd52a597164052c","timestamp":"2026-02-28T06:41:52.954Z"}
{"level":"info","message":"Cart and summary successfully fetched for user: 696c9df0edd52a597164052c","timestamp":"2026-02-28T06:41:52.954Z"}
{"level":"info","message":"Cart and summary calculated for user: 696c9df0edd52a597164052c","timestamp":"2026-02-28T06:41:53.958Z"}
{"level":"info","message":"Cart and summary successfully fetched for user: 696c9df0edd52a597164052c","timestamp":"2026-02-28T06:41:53.958Z"}
{"level":"info","message":"Cart and summary calculated for user: 696c9df0edd52a597164052c","timestamp":"2026-02-28T06:41:55.867Z"}
{"level":"info","message":"Cart and summary successfully fetched for user: 696c9df0edd52a597164052c","timestamp":"2026-02-28T06:41:55.867Z"}
{"level":"info","message":"Request received: Get orders for user 696c9df0edd52a597164052c","timestamp":"2026-02-28T06:42:14.509Z"}
{"level":"info","message":"Fetched 23 orders for user 696c9df0edd52a597164052c","timestamp":"2026-02-28T06:42:14.651Z"}
{"level":"info","message":"Request received: Get details for order #ORD-589217 by user 696c9df0edd52a597164052c","timestamp":"2026-02-28T06:42:16.954Z"}
{"level":"info","message":"Successfully fetched details for order #ORD-589217 by user 696c9df0edd52a597164052c","timestamp":"2026-02-28T06:42:17.051Z"}
{"level":"info","message":"Request received: Get orders for user 696c9df0edd52a597164052c","timestamp":"2026-02-28T06:42:33.916Z"}
{"level":"info","message":"Fetched 23 orders for user 696c9df0edd52a597164052c","timestamp":"2026-02-28T06:42:34.053Z"}
{"level":"info","message":"Request received: Get orders for user 696c9df0edd52a597164052c","timestamp":"2026-02-28T06:43:44.767Z"}
{"level":"info","message":"Fetched 23 orders for user 696c9df0edd52a597164052c","timestamp":"2026-02-28T06:43:44.870Z"}
{"level":"info","message":"Request received: Get orders for user 696c9df0edd52a597164052c","timestamp":"2026-02-28T06:43:46.946Z"}
{"level":"info","message":"Fetched 23 orders for user 696c9df0edd52a597164052c","timestamp":"2026-02-28T06:43:47.063Z"}
{"level":"info","message":"Cart and summary calculated for user: 696c9df0edd52a597164052c","timestamp":"2026-02-28T06:43:50.772Z"}
{"level":"info","message":"Cart and summary successfully fetched for user: 696c9df0edd52a597164052c","timestamp":"2026-02-28T06:43:50.772Z"}
{"level":"error","message":"Admin access required.","stack":"Error: Admin access required.\n    at verifyAdminToken (file:///C:/Users/aswat/OneDrive/Documents/BinIt%20Project/binit-project/backend/src/middlewares/admin/authenticate-admin.js:12:11)\n    at Layer.handleRequest (C:\\Users\\aswat\\OneDrive\\Documents\\BinIt Project\\binit-project\\backend\\node_modules\\router\\lib\\layer.js:152:17)\n    at trimPrefix (C:\\Users\\aswat\\OneDrive\\Documents\\BinIt Project\\binit-project\\backend\\node_modules\\router\\index.js:342:13)\n    at C:\\Users\\aswat\\OneDrive\\Documents\\BinIt Project\\binit-project\\backend\\node_modules\\router\\index.js:297:9\n    at processParams (C:\\Users\\aswat\\OneDrive\\Documents\\BinIt Project\\binit-project\\backend\\node_modules\\router\\index.js:582:12)\n    at next (C:\\Users\\aswat\\OneDrive\\Documents\\BinIt Project\\binit-project\\backend\\node_modules\\router\\index.js:291:5)\n    at Function.handle (C:\\Users\\aswat\\OneDrive\\Documents\\BinIt Project\\binit-project\\backend\\node_modules\\router\\index.js:186:3)\n    at router (C:\\Users\\aswat\\OneDrive\\Documents\\BinIt Project\\binit-project\\backend\\node_modules\\router\\index.js:60:12)\n    at Layer.handleRequest (C:\\Users\\aswat\\OneDrive\\Documents\\BinIt Project\\binit-project\\backend\\node_modules\\router\\lib\\layer.js:152:17)\n    at trimPrefix (C:\\Users\\aswat\\OneDrive\\Documents\\BinIt Project\\binit-project\\backend\\node_modules\\router\\index.js:342:13)","timestamp":"2026-02-28T06:43:56.432Z"}
{"level":"info","message":"Item 697b6cb46f9ac4cba6227e94 added to cart for user 696c9df0edd52a597164052c","timestamp":"2026-02-28T06:44:01.245Z"}
{"level":"info","message":"User 696c9df0edd52a597164052c added item to cart","timestamp":"2026-02-28T06:44:01.246Z"}
{"level":"info","message":"Item 697b6cb46f9ac4cba6227e94 added to cart for user 696c9df0edd52a597164052c","timestamp":"2026-02-28T06:44:03.834Z"}
{"level":"info","message":"User 696c9df0edd52a597164052c added item to cart","timestamp":"2026-02-28T06:44:03.835Z"}
{"level":"info","message":"Cart and summary calculated for user: 696c9df0edd52a597164052c","timestamp":"2026-02-28T06:44:06.035Z"}
{"level":"info","message":"Cart and summary successfully fetched for user: 696c9df0edd52a597164052c","timestamp":"2026-02-28T06:44:06.035Z"}
{"level":"info","message":"Cart and summary calculated for user: 696c9df0edd52a597164052c","timestamp":"2026-02-28T06:44:24.536Z"}
{"level":"info","message":"Cart and summary successfully fetched for user: 696c9df0edd52a597164052c","timestamp":"2026-02-28T06:44:24.537Z"}
{"level":"info","message":"Cart and summary calculated for user: 696c9df0edd52a597164052c","timestamp":"2026-02-28T06:44:31.313Z"}
{"level":"info","message":"Cart and summary successfully fetched for user: 696c9df0edd52a597164052c","timestamp":"2026-02-28T06:44:31.313Z"}
{"level":"info","message":"Cart and summary calculated for user: 696c9df0edd52a597164052c","timestamp":"2026-02-28T06:44:42.227Z"}
{"level":"info","message":"Cart and summary successfully fetched for user: 696c9df0edd52a597164052c","timestamp":"2026-02-28T06:44:42.227Z"}
{"level":"info","message":"Verification images (3) uploaded by user 696c9df0edd52a597164052c for item 697b6cb46f9ac4cba6227e94","timestamp":"2026-02-28T06:44:55.926Z"}
{"level":"info","message":"User 696c9df0edd52a597164052c uploaded 3 verification images for item 697b6cb46f9ac4cba6227e94","timestamp":"2026-02-28T06:44:55.927Z"}
{"level":"info","message":"Cart and summary calculated for user: 696c9df0edd52a597164052c","timestamp":"2026-02-28T06:44:56.168Z"}
{"level":"info","message":"Cart and summary successfully fetched for user: 696c9df0edd52a597164052c","timestamp":"2026-02-28T06:44:56.169Z"}
{"level":"info","message":"Cart and summary calculated for user: 696c9df0edd52a597164052c","timestamp":"2026-02-28T06:44:58.069Z"}
{"level":"info","message":"Cart and summary successfully fetched for user: 696c9df0edd52a597164052c","timestamp":"2026-02-28T06:44:58.069Z"}
{"level":"info","message":"Cart and summary calculated for user: 696c9df0edd52a597164052c","timestamp":"2026-02-28T06:45:36.993Z"}
{"level":"info","message":"Cart and summary successfully fetched for user: 696c9df0edd52a597164052c","timestamp":"2026-02-28T06:45:36.993Z"}
{"level":"info","message":"Cart and summary calculated for user: 696c9df0edd52a597164052c","timestamp":"2026-02-28T06:46:21.955Z"}
{"level":"info","message":"Cart and summary successfully fetched for user: 696c9df0edd52a597164052c","timestamp":"2026-02-28T06:46:21.955Z"}
{"level":"info","message":"Cart and summary calculated for user: 696c9df0edd52a597164052c","timestamp":"2026-02-28T06:46:24.973Z"}
{"level":"info","message":"Cart and summary successfully fetched for user: 696c9df0edd52a597164052c","timestamp":"2026-02-28T06:46:24.973Z"}
{"level":"info","message":"Cart and summary calculated for user: 696c9df0edd52a597164052c","timestamp":"2026-02-28T06:46:25.558Z"}
{"level":"info","message":"Cart and summary successfully fetched for user: 696c9df0edd52a597164052c","timestamp":"2026-02-28T06:46:25.559Z"}
{"level":"info","message":"Cart and summary calculated for user: 696c9df0edd52a597164052c","timestamp":"2026-02-28T06:46:40.949Z"}
{"level":"info","message":"Cart and summary successfully fetched for user: 696c9df0edd52a597164052c","timestamp":"2026-02-28T06:46:40.949Z"}
{"level":"info","message":"Cart and summary calculated for user: 696c9df0edd52a597164052c","timestamp":"2026-02-28T06:46:44.986Z"}
{"level":"info","message":"Cart and summary successfully fetched for user: 696c9df0edd52a597164052c","timestamp":"2026-02-28T06:46:44.986Z"}
{"level":"info","message":"Cart and summary calculated for user: 696c9df0edd52a597164052c","timestamp":"2026-02-28T06:46:46.094Z"}
{"level":"info","message":"Cart and summary successfully fetched for user: 696c9df0edd52a597164052c","timestamp":"2026-02-28T06:46:46.094Z"}
{"level":"info","message":"Cart and summary calculated for user: 696c9df0edd52a597164052c","timestamp":"2026-02-28T06:46:49.104Z"}
{"level":"info","message":"Cart and summary successfully fetched for user: 696c9df0edd52a597164052c","timestamp":"2026-02-28T06:46:49.104Z"}
{"level":"info","message":"Cart and summary calculated for user: 696c9df0edd52a597164052c","timestamp":"2026-02-28T06:46:50.178Z"}
{"level":"info","message":"Cart and summary successfully fetched for user: 696c9df0edd52a597164052c","timestamp":"2026-02-28T06:46:50.178Z"}
{"level":"info","message":"Cart and summary calculated for user: 696c9df0edd52a597164052c","timestamp":"2026-02-28T06:46:51.965Z"}
{"level":"info","message":"Cart and summary successfully fetched for user: 696c9df0edd52a597164052c","timestamp":"2026-02-28T06:46:51.966Z"}
{"level":"info","message":"Cart and summary calculated for user: 696c9df0edd52a597164052c","timestamp":"2026-02-28T06:46:58.296Z"}
{"level":"info","message":"Cart and summary successfully fetched for user: 696c9df0edd52a597164052c","timestamp":"2026-02-28T06:46:58.296Z"}
{"level":"info","message":"Cart and summary calculated for user: 696c9df0edd52a597164052c","timestamp":"2026-02-28T06:49:43.982Z"}
{"level":"info","message":"Cart and summary successfully fetched for user: 696c9df0edd52a597164052c","timestamp":"2026-02-28T06:49:43.983Z"}
{"level":"info","message":"Cart and summary calculated for user: 696c9df0edd52a597164052c","timestamp":"2026-02-28T06:49:44.950Z"}
{"level":"info","message":"Cart and summary successfully fetched for user: 696c9df0edd52a597164052c","timestamp":"2026-02-28T06:49:44.951Z"}
{"level":"info","message":"Cart and summary calculated for user: 696c9df0edd52a597164052c","timestamp":"2026-02-28T06:49:53.959Z"}
{"level":"info","message":"Cart and summary successfully fetched for user: 696c9df0edd52a597164052c","timestamp":"2026-02-28T06:49:53.959Z"}
{"level":"info","message":"Cart and summary calculated for user: 696c9df0edd52a597164052c","timestamp":"2026-02-28T06:49:54.937Z"}
{"level":"info","message":"Cart and summary successfully fetched for user: 696c9df0edd52a597164052c","timestamp":"2026-02-28T06:49:54.937Z"}
{"level":"info","message":"Cart and summary calculated for user: 696c9df0edd52a597164052c","timestamp":"2026-02-28T06:49:55.931Z"}
{"level":"info","message":"Cart and summary successfully fetched for user: 696c9df0edd52a597164052c","timestamp":"2026-02-28T06:49:55.932Z"}
{"level":"info","message":"Cart and summary calculated for user: 696c9df0edd52a597164052c","timestamp":"2026-02-28T06:49:56.931Z"}
{"level":"info","message":"Cart and summary successfully fetched for user: 696c9df0edd52a597164052c","timestamp":"2026-02-28T06:49:56.931Z"}
{"level":"info","message":"Cart and summary calculated for user: 696c9df0edd52a597164052c","timestamp":"2026-02-28T06:50:05.105Z"}
{"level":"info","message":"Cart and summary successfully fetched for user: 696c9df0edd52a597164052c","timestamp":"2026-02-28T06:50:05.105Z"}
{"level":"info","message":"Cart and summary calculated for user: 696c9df0edd52a597164052c","timestamp":"2026-02-28T06:50:39.124Z"}
{"level":"info","message":"Cart and summary successfully fetched for user: 696c9df0edd52a597164052c","timestamp":"2026-02-28T06:50:39.125Z"}
{"level":"info","message":"Cart and summary calculated for user: 696c9df0edd52a597164052c","timestamp":"2026-02-28T06:51:04.991Z"}
{"level":"info","message":"Cart and summary successfully fetched for user: 696c9df0edd52a597164052c","timestamp":"2026-02-28T06:51:04.991Z"}
{"level":"info","message":"Cart and summary calculated for user: 696c9df0edd52a597164052c","timestamp":"2026-02-28T06:51:07.028Z"}
{"level":"info","message":"Cart and summary successfully fetched for user: 696c9df0edd52a597164052c","timestamp":"2026-02-28T06:51:07.028Z"}
{"level":"info","message":"Cart and summary calculated for user: 696c9df0edd52a597164052c","timestamp":"2026-02-28T06:51:27.911Z"}
{"level":"info","message":"Cart and summary successfully fetched for user: 696c9df0edd52a597164052c","timestamp":"2026-02-28T06:51:27.911Z"}
{"level":"info","message":"Cart and summary calculated for user: 696c9df0edd52a597164052c","timestamp":"2026-02-28T06:51:59.908Z"}
{"level":"info","message":"Cart and summary successfully fetched for user: 696c9df0edd52a597164052c","timestamp":"2026-02-28T06:51:59.908Z"}
{"level":"error","message":"jwt expired","stack":"TokenExpiredError: jwt expired\n    at C:\\Users\\aswat\\OneDrive\\Documents\\BinIt Project\\binit-project\\backend\\node_modules\\jsonwebtoken\\verify.js:190:21\n    at getSecret (C:\\Users\\aswat\\OneDrive\\Documents\\BinIt Project\\binit-project\\backend\\node_modules\\jsonwebtoken\\verify.js:97:14)\n    at module.exports [as verify] (C:\\Users\\aswat\\OneDrive\\Documents\\BinIt Project\\binit-project\\backend\\node_modules\\jsonwebtoken\\verify.js:101:10)\n    at verifyAccessToken (file:///C:/Users/aswat/OneDrive/Documents/BinIt%20Project/binit-project/backend/src/utils/jwt.js:55:16)\n    at authenticateUser (file:///C:/Users/aswat/OneDrive/Documents/BinIt%20Project/binit-project/backend/src/middlewares/user/authenticate-user.js:16:24)\n    at Layer.handleRequest (C:\\Users\\aswat\\OneDrive\\Documents\\BinIt Project\\binit-project\\backend\\node_modules\\router\\lib\\layer.js:152:17)\n    at trimPrefix (C:\\Users\\aswat\\OneDrive\\Documents\\BinIt Project\\binit-project\\backend\\node_modules\\router\\index.js:342:13)\n    at C:\\Users\\aswat\\OneDrive\\Documents\\BinIt Project\\binit-project\\backend\\node_modules\\router\\index.js:297:9\n    at processParams (C:\\Users\\aswat\\OneDrive\\Documents\\BinIt Project\\binit-project\\backend\\node_modules\\router\\index.js:582:12)\n    at next (C:\\Users\\aswat\\OneDrive\\Documents\\BinIt Project\\binit-project\\backend\\node_modules\\router\\index.js:291:5)","timestamp":"2026-02-28T06:52:14.466Z"}
{"level":"error","message":"jwt expired","stack":"TokenExpiredError: jwt expired\n    at C:\\Users\\aswat\\OneDrive\\Documents\\BinIt Project\\binit-project\\backend\\node_modules\\jsonwebtoken\\verify.js:190:21\n    at getSecret (C:\\Users\\aswat\\OneDrive\\Documents\\BinIt Project\\binit-project\\backend\\node_modules\\jsonwebtoken\\verify.js:97:14)\n    at module.exports [as verify] (C:\\Users\\aswat\\OneDrive\\Documents\\BinIt Project\\binit-project\\backend\\node_modules\\jsonwebtoken\\verify.js:101:10)\n    at verifyAccessToken (file:///C:/Users/aswat/OneDrive/Documents/BinIt%20Project/binit-project/backend/src/utils/jwt.js:55:16)\n    at authenticateUser (file:///C:/Users/aswat/OneDrive/Documents/BinIt%20Project/binit-project/backend/src/middlewares/user/authenticate-user.js:16:24)\n    at Layer.handleRequest (C:\\Users\\aswat\\OneDrive\\Documents\\BinIt Project\\binit-project\\backend\\node_modules\\router\\lib\\layer.js:152:17)\n    at trimPrefix (C:\\Users\\aswat\\OneDrive\\Documents\\BinIt Project\\binit-project\\backend\\node_modules\\router\\index.js:342:13)\n    at C:\\Users\\aswat\\OneDrive\\Documents\\BinIt Project\\binit-project\\backend\\node_modules\\router\\index.js:297:9\n    at processParams (C:\\Users\\aswat\\OneDrive\\Documents\\BinIt Project\\binit-project\\backend\\node_modules\\router\\index.js:582:12)\n    at next (C:\\Users\\aswat\\OneDrive\\Documents\\BinIt Project\\binit-project\\backend\\node_modules\\router\\index.js:291:5)","timestamp":"2026-02-28T06:52:14.471Z"}
{"level":"info","message":"Cart and summary calculated for user: 696c9df0edd52a597164052c","timestamp":"2026-02-28T06:52:15.182Z"}
{"level":"info","message":"Cart and summary successfully fetched for user: 696c9df0edd52a597164052c","timestamp":"2026-02-28T06:52:15.182Z"}
{"level":"info","message":"Cart and summary calculated for user: 696c9df0edd52a597164052c","timestamp":"2026-02-28T06:52:50.639Z"}
{"level":"info","message":"Cart and summary successfully fetched for user: 696c9df0edd52a597164052c","timestamp":"2026-02-28T06:52:50.639Z"}
{"level":"info","message":"Cart and summary calculated for user: 696c9df0edd52a597164052c","timestamp":"2026-02-28T06:52:53.726Z"}
{"level":"info","message":"Cart and summary successfully fetched for user: 696c9df0edd52a597164052c","timestamp":"2026-02-28T06:52:53.726Z"}
{"level":"info","message":"Cart and summary calculated for user: 696c9df0edd52a597164052c","timestamp":"2026-02-28T06:53:25.948Z"}
{"level":"info","message":"Cart and summary successfully fetched for user: 696c9df0edd52a597164052c","timestamp":"2026-02-28T06:53:25.948Z"}
{"level":"info","message":"Cart and summary calculated for user: 696c9df0edd52a597164052c","timestamp":"2026-02-28T06:53:27.991Z"}
{"level":"info","message":"Cart and summary successfully fetched for user: 696c9df0edd52a597164052c","timestamp":"2026-02-28T06:53:27.991Z"}
{"level":"info","message":"Cart and summary calculated for user: 696c9df0edd52a597164052c","timestamp":"2026-02-28T06:53:28.944Z"}
{"level":"info","message":"Cart and summary successfully fetched for user: 696c9df0edd52a597164052c","timestamp":"2026-02-28T06:53:28.944Z"}
{"level":"info","message":"Cart and summary calculated for user: 696c9df0edd52a597164052c","timestamp":"2026-02-28T06:53:32.162Z"}
{"level":"info","message":"Cart and summary successfully fetched for user: 696c9df0edd52a597164052c","timestamp":"2026-02-28T06:53:32.162Z"}
{"level":"info","message":"Cart and summary calculated for user: 696c9df0edd52a597164052c","timestamp":"2026-02-28T06:53:37.571Z"}
{"level":"info","message":"Cart and summary successfully fetched for user: 696c9df0edd52a597164052c","timestamp":"2026-02-28T06:53:37.572Z"}
{"level":"info","message":"Cart and summary calculated for user: 696c9df0edd52a597164052c","timestamp":"2026-02-28T06:53:39.424Z"}
{"level":"info","message":"Cart and summary successfully fetched for user: 696c9df0edd52a597164052c","timestamp":"2026-02-28T06:53:39.424Z"}
{"level":"info","message":"Cart and summary calculated for user: 696c9df0edd52a597164052c","timestamp":"2026-02-28T06:53:50.952Z"}
{"level":"info","message":"Cart and summary successfully fetched for user: 696c9df0edd52a597164052c","timestamp":"2026-02-28T06:53:50.953Z"}
{"level":"info","message":"Cart and summary calculated for user: 696c9df0edd52a597164052c","timestamp":"2026-02-28T06:53:51.477Z"}
{"level":"info","message":"Cart and summary successfully fetched for user: 696c9df0edd52a597164052c","timestamp":"2026-02-28T06:53:51.478Z"}
{"level":"info","message":"Cart and summary calculated for user: 696c9df0edd52a597164052c","timestamp":"2026-02-28T06:53:56.866Z"}
{"level":"info","message":"Cart and summary successfully fetched for user: 696c9df0edd52a597164052c","timestamp":"2026-02-28T06:53:56.867Z"}
{"level":"info","message":"Cart and summary calculated for user: 696c9df0edd52a597164052c","timestamp":"2026-02-28T06:54:03.367Z"}
{"level":"info","message":"Cart and summary successfully fetched for user: 696c9df0edd52a597164052c","timestamp":"2026-02-28T06:54:03.367Z"}
{"level":"info","message":"Cart and summary calculated for user: 696c9df0edd52a597164052c","timestamp":"2026-02-28T06:54:05.022Z"}
{"level":"info","message":"Cart and summary successfully fetched for user: 696c9df0edd52a597164052c","timestamp":"2026-02-28T06:54:05.022Z"}
{"level":"info","message":"Cart and summary calculated for user: 696c9df0edd52a597164052c","timestamp":"2026-02-28T06:54:12.195Z"}
{"level":"info","message":"Cart and summary successfully fetched for user: 696c9df0edd52a597164052c","timestamp":"2026-02-28T06:54:12.195Z"}
{"level":"info","message":"Received order creation request for user 696c9df0edd52a597164052c","timestamp":"2026-02-28T06:54:16.221Z"}
{"level":"info","message":"Cart and summary calculated for user: 696c9df0edd52a597164052c","timestamp":"2026-02-28T06:54:16.439Z"}
{"level":"info","message":"Order created successfully for user 696c9df0edd52a597164052c. Order ID: #ORD-656480","timestamp":"2026-02-28T06:54:16.608Z"}
{"level":"info","message":"Cart and summary successfully fetched for user: 696c9df0edd52a597164052c","timestamp":"2026-02-28T06:54:16.756Z"}
{"level":"error","message":"jwt expired","stack":"TokenExpiredError: jwt expired\n    at C:\\Users\\aswat\\OneDrive\\Documents\\BinIt Project\\binit-project\\backend\\node_modules\\jsonwebtoken\\verify.js:190:21\n    at getSecret (C:\\Users\\aswat\\OneDrive\\Documents\\BinIt Project\\binit-project\\backend\\node_modules\\jsonwebtoken\\verify.js:97:14)\n    at module.exports [as verify] (C:\\Users\\aswat\\OneDrive\\Documents\\BinIt Project\\binit-project\\backend\\node_modules\\jsonwebtoken\\verify.js:101:10)\n    at verifyAccessToken (file:///C:/Users/aswat/OneDrive/Documents/BinIt%20Project/binit-project/backend/src/utils/jwt.js:55:16)\n    at authenticateUser (file:///C:/Users/aswat/OneDrive/Documents/BinIt%20Project/binit-project/backend/src/middlewares/user/authenticate-user.js:16:24)\n    at Layer.handleRequest (C:\\Users\\aswat\\OneDrive\\Documents\\BinIt Project\\binit-project\\backend\\node_modules\\router\\lib\\layer.js:152:17)\n    at trimPrefix (C:\\Users\\aswat\\OneDrive\\Documents\\BinIt Project\\binit-project\\backend\\node_modules\\router\\index.js:342:13)\n    at C:\\Users\\aswat\\OneDrive\\Documents\\BinIt Project\\binit-project\\backend\\node_modules\\router\\index.js:297:9\n    at processParams (C:\\Users\\aswat\\OneDrive\\Documents\\BinIt Project\\binit-project\\backend\\node_modules\\router\\index.js:582:12)\n    at next (C:\\Users\\aswat\\OneDrive\\Documents\\BinIt Project\\binit-project\\backend\\node_modules\\router\\index.js:291:5)","timestamp":"2026-02-28T07:23:34.354Z"}
{"level":"error","message":"Admin access required.","stack":"Error: Admin access required.\n    at verifyAdminToken (file:///C:/Users/aswat/OneDrive/Documents/BinIt%20Project/binit-project/backend/src/middlewares/admin/authenticate-admin.js:12:11)\n    at Layer.handleRequest (C:\\Users\\aswat\\OneDrive\\Documents\\BinIt Project\\binit-project\\backend\\node_modules\\router\\lib\\layer.js:152:17)\n    at trimPrefix (C:\\Users\\aswat\\OneDrive\\Documents\\BinIt Project\\binit-project\\backend\\node_modules\\router\\index.js:342:13)\n    at C:\\Users\\aswat\\OneDrive\\Documents\\BinIt Project\\binit-project\\backend\\node_modules\\router\\index.js:297:9\n    at processParams (C:\\Users\\aswat\\OneDrive\\Documents\\BinIt Project\\binit-project\\backend\\node_modules\\router\\index.js:582:12)\n    at next (C:\\Users\\aswat\\OneDrive\\Documents\\BinIt Project\\binit-project\\backend\\node_modules\\router\\index.js:291:5)\n    at Function.handle (C:\\Users\\aswat\\OneDrive\\Documents\\BinIt Project\\binit-project\\backend\\node_modules\\router\\index.js:186:3)\n    at router (C:\\Users\\aswat\\OneDrive\\Documents\\BinIt Project\\binit-project\\backend\\node_modules\\router\\index.js:60:12)\n    at Layer.handleRequest (C:\\Users\\aswat\\OneDrive\\Documents\\BinIt Project\\binit-project\\backend\\node_modules\\router\\lib\\layer.js:152:17)\n    at trimPrefix (C:\\Users\\aswat\\OneDrive\\Documents\\BinIt Project\\binit-project\\backend\\node_modules\\router\\index.js:342:13)","timestamp":"2026-02-28T07:23:34.357Z"}
{"level":"error","message":"jwt expired","stack":"TokenExpiredError: jwt expired\n    at C:\\Users\\aswat\\OneDrive\\Documents\\BinIt Project\\binit-project\\backend\\node_modules\\jsonwebtoken\\verify.js:190:21\n    at getSecret (C:\\Users\\aswat\\OneDrive\\Documents\\BinIt Project\\binit-project\\backend\\node_modules\\jsonwebtoken\\verify.js:97:14)\n    at module.exports [as verify] (C:\\Users\\aswat\\OneDrive\\Documents\\BinIt Project\\binit-project\\backend\\node_modules\\jsonwebtoken\\verify.js:101:10)\n    at verifyAccessToken (file:///C:/Users/aswat/OneDrive/Documents/BinIt%20Project/binit-project/backend/src/utils/jwt.js:55:16)\n    at authenticateUser (file:///C:/Users/aswat/OneDrive/Documents/BinIt%20Project/binit-project/backend/src/middlewares/user/authenticate-user.js:16:24)\n    at Layer.handleRequest (C:\\Users\\aswat\\OneDrive\\Documents\\BinIt Project\\binit-project\\backend\\node_modules\\router\\lib\\layer.js:152:17)\n    at trimPrefix (C:\\Users\\aswat\\OneDrive\\Documents\\BinIt Project\\binit-project\\backend\\node_modules\\router\\index.js:342:13)\n    at C:\\Users\\aswat\\OneDrive\\Documents\\BinIt Project\\binit-project\\backend\\node_modules\\router\\index.js:297:9\n    at processParams (C:\\Users\\aswat\\OneDrive\\Documents\\BinIt Project\\binit-project\\backend\\node_modules\\router\\index.js:582:12)\n    at next (C:\\Users\\aswat\\OneDrive\\Documents\\BinIt Project\\binit-project\\backend\\node_modules\\router\\index.js:291:5)","timestamp":"2026-02-28T08:17:21.277Z"}
{"level":"error","message":"jwt expired","stack":"TokenExpiredError: jwt expired\n    at C:\\Users\\aswat\\OneDrive\\Documents\\BinIt Project\\binit-project\\backend\\node_modules\\jsonwebtoken\\verify.js:190:21\n    at getSecret (C:\\Users\\aswat\\OneDrive\\Documents\\BinIt Project\\binit-project\\backend\\node_modules\\jsonwebtoken\\verify.js:97:14)\n    at module.exports [as verify] (C:\\Users\\aswat\\OneDrive\\Documents\\BinIt Project\\binit-project\\backend\\node_modules\\jsonwebtoken\\verify.js:101:10)\n    at verifyAccessToken (file:///C:/Users/aswat/OneDrive/Documents/BinIt%20Project/binit-project/backend/src/utils/jwt.js:55:16)\n    at authenticateUser (file:///C:/Users/aswat/OneDrive/Documents/BinIt%20Project/binit-project/backend/src/middlewares/user/authenticate-user.js:16:24)\n    at Layer.handleRequest (C:\\Users\\aswat\\OneDrive\\Documents\\BinIt Project\\binit-project\\backend\\node_modules\\router\\lib\\layer.js:152:17)\n    at trimPrefix (C:\\Users\\aswat\\OneDrive\\Documents\\BinIt Project\\binit-project\\backend\\node_modules\\router\\index.js:342:13)\n    at C:\\Users\\aswat\\OneDrive\\Documents\\BinIt Project\\binit-project\\backend\\node_modules\\router\\index.js:297:9\n    at processParams (C:\\Users\\aswat\\OneDrive\\Documents\\BinIt Project\\binit-project\\backend\\node_modules\\router\\index.js:582:12)\n    at next (C:\\Users\\aswat\\OneDrive\\Documents\\BinIt Project\\binit-project\\backend\\node_modules\\router\\index.js:291:5)","timestamp":"2026-02-28T08:17:25.911Z"}
{"level":"error","message":"Admin access required.","stack":"Error: Admin access required.\n    at verifyAdminToken (file:///C:/Users/aswat/OneDrive/Documents/BinIt%20Project/binit-project/backend/src/middlewares/admin/authenticate-admin.js:12:11)\n    at Layer.handleRequest (C:\\Users\\aswat\\OneDrive\\Documents\\BinIt Project\\binit-project\\backend\\node_modules\\router\\lib\\layer.js:152:17)\n    at trimPrefix (C:\\Users\\aswat\\OneDrive\\Documents\\BinIt Project\\binit-project\\backend\\node_modules\\router\\index.js:342:13)\n    at C:\\Users\\aswat\\OneDrive\\Documents\\BinIt Project\\binit-project\\backend\\node_modules\\router\\index.js:297:9\n    at processParams (C:\\Users\\aswat\\OneDrive\\Documents\\BinIt Project\\binit-project\\backend\\node_modules\\router\\index.js:582:12)\n    at next (C:\\Users\\aswat\\OneDrive\\Documents\\BinIt Project\\binit-project\\backend\\node_modules\\router\\index.js:291:5)\n    at Function.handle (C:\\Users\\aswat\\OneDrive\\Documents\\BinIt Project\\binit-project\\backend\\node_modules\\router\\index.js:186:3)\n    at router (C:\\Users\\aswat\\OneDrive\\Documents\\BinIt Project\\binit-project\\backend\\node_modules\\router\\index.js:60:12)\n    at Layer.handleRequest (C:\\Users\\aswat\\OneDrive\\Documents\\BinIt Project\\binit-project\\backend\\node_modules\\router\\lib\\layer.js:152:17)\n    at trimPrefix (C:\\Users\\aswat\\OneDrive\\Documents\\BinIt Project\\binit-project\\backend\\node_modules\\router\\index.js:342:13)","timestamp":"2026-02-28T08:17:25.920Z"}
{"level":"error","message":"jwt expired","stack":"TokenExpiredError: jwt expired\n    at C:\\Users\\aswat\\OneDrive\\Documents\\BinIt Project\\binit-project\\backend\\node_modules\\jsonwebtoken\\verify.js:190:21\n    at getSecret (C:\\Users\\aswat\\OneDrive\\Documents\\BinIt Project\\binit-project\\backend\\node_modules\\jsonwebtoken\\verify.js:97:14)\n    at module.exports [as verify] (C:\\Users\\aswat\\OneDrive\\Documents\\BinIt Project\\binit-project\\backend\\node_modules\\jsonwebtoken\\verify.js:101:10)\n    at verifyAccessToken (file:///C:/Users/aswat/OneDrive/Documents/BinIt%20Project/binit-project/backend/src/utils/jwt.js:55:16)\n    at authenticateUser (file:///C:/Users/aswat/OneDrive/Documents/BinIt%20Project/binit-project/backend/src/middlewares/user/authenticate-user.js:16:24)\n    at Layer.handleRequest (C:\\Users\\aswat\\OneDrive\\Documents\\BinIt Project\\binit-project\\backend\\node_modules\\router\\lib\\layer.js:152:17)\n    at trimPrefix (C:\\Users\\aswat\\OneDrive\\Documents\\BinIt Project\\binit-project\\backend\\node_modules\\router\\index.js:342:13)\n    at C:\\Users\\aswat\\OneDrive\\Documents\\BinIt Project\\binit-project\\backend\\node_modules\\router\\index.js:297:9\n    at processParams (C:\\Users\\aswat\\OneDrive\\Documents\\BinIt Project\\binit-project\\backend\\node_modules\\router\\index.js:582:12)\n    at next (C:\\Users\\aswat\\OneDrive\\Documents\\BinIt Project\\binit-project\\backend\\node_modules\\router\\index.js:291:5)","timestamp":"2026-02-28T08:32:20.230Z"}
{"level":"info","message":"Request received: Get orders for user 696c9df0edd52a597164052c","timestamp":"2026-02-28T08:34:10.279Z"}
{"level":"info","message":"Fetched 24 orders for user 696c9df0edd52a597164052c","timestamp":"2026-02-28T08:34:10.389Z"}
{"level":"info","message":"Request received: Get orders for user 696c9df0edd52a597164052c","timestamp":"2026-02-28T08:34:29.452Z"}
{"level":"info","message":"Fetched 24 orders for user 696c9df0edd52a597164052c","timestamp":"2026-02-28T08:34:29.550Z"}
{"level":"info","message":"Request received: Get orders for user 696c9df0edd52a597164052c","timestamp":"2026-02-28T08:36:21.965Z"}
{"level":"info","message":"Fetched 24 orders for user 696c9df0edd52a597164052c","timestamp":"2026-02-28T08:36:22.167Z"}
{"level":"info","message":"Request received: Get orders for user 696c9df0edd52a597164052c","timestamp":"2026-02-28T08:36:22.847Z"}
{"level":"info","message":"Fetched 24 orders for user 696c9df0edd52a597164052c","timestamp":"2026-02-28T08:36:22.942Z"}
{"level":"error","message":"Admin access required.","stack":"Error: Admin access required.\n    at verifyAdminToken (file:///C:/Users/aswat/OneDrive/Documents/BinIt%20Project/binit-project/backend/src/middlewares/admin/authenticate-admin.js:12:11)\n    at Layer.handleRequest (C:\\Users\\aswat\\OneDrive\\Documents\\BinIt Project\\binit-project\\backend\\node_modules\\router\\lib\\layer.js:152:17)\n    at trimPrefix (C:\\Users\\aswat\\OneDrive\\Documents\\BinIt Project\\binit-project\\backend\\node_modules\\router\\index.js:342:13)\n    at C:\\Users\\aswat\\OneDrive\\Documents\\BinIt Project\\binit-project\\backend\\node_modules\\router\\index.js:297:9\n    at processParams (C:\\Users\\aswat\\OneDrive\\Documents\\BinIt Project\\binit-project\\backend\\node_modules\\router\\index.js:582:12)\n    at next (C:\\Users\\aswat\\OneDrive\\Documents\\BinIt Project\\binit-project\\backend\\node_modules\\router\\index.js:291:5)\n    at Function.handle (C:\\Users\\aswat\\OneDrive\\Documents\\BinIt Project\\binit-project\\backend\\node_modules\\router\\index.js:186:3)\n    at router (C:\\Users\\aswat\\OneDrive\\Documents\\BinIt Project\\binit-project\\backend\\node_modules\\router\\index.js:60:12)\n    at Layer.handleRequest (C:\\Users\\aswat\\OneDrive\\Documents\\BinIt Project\\binit-project\\backend\\node_modules\\router\\lib\\layer.js:152:17)\n    at trimPrefix (C:\\Users\\aswat\\OneDrive\\Documents\\BinIt Project\\binit-project\\backend\\node_modules\\router\\index.js:342:13)","timestamp":"2026-02-28T08:42:19.035Z"}
{"level":"info","message":"Request received: Get orders for user 696c9df0edd52a597164052c","timestamp":"2026-02-28T08:42:19.785Z"}
{"level":"info","message":"Fetched 24 orders for user 696c9df0edd52a597164052c","timestamp":"2026-02-28T08:42:19.889Z"}
{"level":"info","message":"Request received: Get orders for user 696c9df0edd52a597164052c","timestamp":"2026-02-28T08:44:06.799Z"}
{"level":"info","message":"Fetched 24 orders for user 696c9df0edd52a597164052c","timestamp":"2026-02-28T08:44:06.916Z"}
{"level":"info","message":"Request received: Get orders for user 696c9df0edd52a597164052c","timestamp":"2026-02-28T08:44:18.081Z"}
{"level":"info","message":"Fetched 24 orders for user 696c9df0edd52a597164052c","timestamp":"2026-02-28T08:44:18.375Z"}
{"level":"info","message":"Request received: Get orders for user 696c9df0edd52a597164052c","timestamp":"2026-02-28T08:44:51.776Z"}
{"level":"info","message":"Fetched 24 orders for user 696c9df0edd52a597164052c","timestamp":"2026-02-28T08:44:51.958Z"}
{"level":"info","message":"Request received: Get orders for user 696c9df0edd52a597164052c","timestamp":"2026-02-28T08:45:29.038Z"}
{"level":"info","message":"Fetched 24 orders for user 696c9df0edd52a597164052c","timestamp":"2026-02-28T08:45:29.145Z"}
{"level":"info","message":"Request received: Get orders for user 696c9df0edd52a597164052c","timestamp":"2026-02-28T08:46:09.399Z"}
{"level":"info","message":"Fetched 24 orders for user 696c9df0edd52a597164052c","timestamp":"2026-02-28T08:46:09.526Z"}
{"level":"info","message":"Request received: Get orders for user 696c9df0edd52a597164052c","timestamp":"2026-02-28T08:46:18.896Z"}
{"level":"info","message":"Fetched 24 orders for user 696c9df0edd52a597164052c","timestamp":"2026-02-28T08:46:18.989Z"}
{"level":"error","message":"jwt expired","stack":"TokenExpiredError: jwt expired\n    at C:\\Users\\aswat\\OneDrive\\Documents\\BinIt Project\\binit-project\\backend\\node_modules\\jsonwebtoken\\verify.js:190:21\n    at getSecret (C:\\Users\\aswat\\OneDrive\\Documents\\BinIt Project\\binit-project\\backend\\node_modules\\jsonwebtoken\\verify.js:97:14)\n    at module.exports [as verify] (C:\\Users\\aswat\\OneDrive\\Documents\\BinIt Project\\binit-project\\backend\\node_modules\\jsonwebtoken\\verify.js:101:10)\n    at verifyAccessToken (file:///C:/Users/aswat/OneDrive/Documents/BinIt%20Project/binit-project/backend/src/utils/jwt.js:55:16)\n    at authenticateUser (file:///C:/Users/aswat/OneDrive/Documents/BinIt%20Project/binit-project/backend/src/middlewares/user/authenticate-user.js:16:24)\n    at Layer.handleRequest (C:\\Users\\aswat\\OneDrive\\Documents\\BinIt Project\\binit-project\\backend\\node_modules\\router\\lib\\layer.js:152:17)\n    at trimPrefix (C:\\Users\\aswat\\OneDrive\\Documents\\BinIt Project\\binit-project\\backend\\node_modules\\router\\index.js:342:13)\n    at C:\\Users\\aswat\\OneDrive\\Documents\\BinIt Project\\binit-project\\backend\\node_modules\\router\\index.js:297:9\n    at processParams (C:\\Users\\aswat\\OneDrive\\Documents\\BinIt Project\\binit-project\\backend\\node_modules\\router\\index.js:582:12)\n    at next (C:\\Users\\aswat\\OneDrive\\Documents\\BinIt Project\\binit-project\\backend\\node_modules\\router\\index.js:291:5)","timestamp":"2026-02-28T08:47:48.736Z"}
{"level":"info","message":"Request received: Get orders for user 696c9df0edd52a597164052c","timestamp":"2026-02-28T08:47:49.200Z"}
{"level":"info","message":"Fetched 24 orders for user 696c9df0edd52a597164052c","timestamp":"2026-02-28T08:47:49.308Z"}
{"level":"info","message":"Request received: Get orders for user 696c9df0edd52a597164052c","timestamp":"2026-02-28T08:47:49.810Z"}
{"level":"info","message":"Fetched 24 orders for user 696c9df0edd52a597164052c","timestamp":"2026-02-28T08:47:49.890Z"}
{"level":"info","message":"Request received: Get orders for user 696c9df0edd52a597164052c","timestamp":"2026-02-28T08:47:51.898Z"}
{"level":"info","message":"Fetched 24 orders for user 696c9df0edd52a597164052c","timestamp":"2026-02-28T08:47:51.999Z"}
{"level":"info","message":"Request received: Get orders for user 696c9df0edd52a597164052c","timestamp":"2026-02-28T08:47:52.848Z"}
{"level":"info","message":"Fetched 24 orders for user 696c9df0edd52a597164052c","timestamp":"2026-02-28T08:47:52.941Z"}
{"level":"info","message":"Request received: Get orders for user 696c9df0edd52a597164052c","timestamp":"2026-02-28T08:47:56.211Z"}
{"level":"info","message":"Fetched 24 orders for user 696c9df0edd52a597164052c","timestamp":"2026-02-28T08:47:56.303Z"}
{"level":"info","message":"Request received: Get orders for user 696c9df0edd52a597164052c","timestamp":"2026-02-28T08:47:59.790Z"}
{"level":"info","message":"Fetched 24 orders for user 696c9df0edd52a597164052c","timestamp":"2026-02-28T08:47:59.883Z"}
{"level":"info","message":"Request received: Get orders for user 696c9df0edd52a597164052c","timestamp":"2026-02-28T08:48:21.855Z"}
{"level":"info","message":"Fetched 24 orders for user 696c9df0edd52a597164052c","timestamp":"2026-02-28T08:48:21.939Z"}
{"level":"info","message":"Request received: Get orders for user 696c9df0edd52a597164052c","timestamp":"2026-02-28T08:48:24.831Z"}
{"level":"info","message":"Fetched 24 orders for user 696c9df0edd52a597164052c","timestamp":"2026-02-28T08:48:24.907Z"}
{"level":"info","message":"Request received: Get orders for user 696c9df0edd52a597164052c","timestamp":"2026-02-28T08:48:26.877Z"}
{"level":"info","message":"Fetched 24 orders for user 696c9df0edd52a597164052c","timestamp":"2026-02-28T08:48:26.978Z"}
{"level":"info","message":"Request received: Get orders for user 696c9df0edd52a597164052c","timestamp":"2026-02-28T08:48:28.380Z"}
{"level":"info","message":"Fetched 24 orders for user 696c9df0edd52a597164052c","timestamp":"2026-02-28T08:48:28.490Z"}
{"level":"info","message":"Request received: Get orders for user 696c9df0edd52a597164052c","timestamp":"2026-02-28T08:48:32.123Z"}
{"level":"info","message":"Fetched 24 orders for user 696c9df0edd52a597164052c","timestamp":"2026-02-28T08:48:32.225Z"}
{"level":"info","message":"Request received: Get orders for user 696c9df0edd52a597164052c","timestamp":"2026-02-28T08:48:44.921Z"}
{"level":"info","message":"Fetched 24 orders for user 696c9df0edd52a597164052c","timestamp":"2026-02-28T08:48:45.011Z"}
{"level":"info","message":"Request received: Get orders for user 696c9df0edd52a597164052c","timestamp":"2026-02-28T08:48:57.902Z"}
{"level":"info","message":"Fetched 24 orders for user 696c9df0edd52a597164052c","timestamp":"2026-02-28T08:48:58.025Z"}
{"level":"info","message":"Request received: Get orders for user 696c9df0edd52a597164052c","timestamp":"2026-02-28T08:49:14.878Z"}
{"level":"info","message":"Fetched 24 orders for user 696c9df0edd52a597164052c","timestamp":"2026-02-28T08:49:15.005Z"}
{"level":"info","message":"Request received: Get orders for user 696c9df0edd52a597164052c","timestamp":"2026-02-28T08:49:16.214Z"}
{"level":"info","message":"Fetched 24 orders for user 696c9df0edd52a597164052c","timestamp":"2026-02-28T08:49:16.362Z"}
{"level":"info","message":"Request received: Get orders for user 696c9df0edd52a597164052c","timestamp":"2026-02-28T08:49:16.931Z"}
{"level":"info","message":"Fetched 24 orders for user 696c9df0edd52a597164052c","timestamp":"2026-02-28T08:49:17.216Z"}
{"level":"info","message":"Request received: Get orders for user 696c9df0edd52a597164052c","timestamp":"2026-02-28T08:49:17.907Z"}
{"level":"info","message":"Fetched 24 orders for user 696c9df0edd52a597164052c","timestamp":"2026-02-28T08:49:18.017Z"}
{"level":"info","message":"Request received: Get orders for user 696c9df0edd52a597164052c","timestamp":"2026-02-28T08:49:18.858Z"}
{"level":"info","message":"Fetched 24 orders for user 696c9df0edd52a597164052c","timestamp":"2026-02-28T08:49:18.967Z"}
{"level":"info","message":"Request received: Get orders for user 696c9df0edd52a597164052c","timestamp":"2026-02-28T08:49:22.164Z"}
{"level":"info","message":"Fetched 24 orders for user 696c9df0edd52a597164052c","timestamp":"2026-02-28T08:49:22.368Z"}
{"level":"info","message":"Request received: Get orders for user 696c9df0edd52a597164052c","timestamp":"2026-02-28T08:49:29.256Z"}
{"level":"info","message":"Fetched 24 orders for user 696c9df0edd52a597164052c","timestamp":"2026-02-28T08:49:29.417Z"}
{"level":"info","message":"Request received: Get orders for user 696c9df0edd52a597164052c","timestamp":"2026-02-28T08:49:35.195Z"}
{"level":"info","message":"Fetched 24 orders for user 696c9df0edd52a597164052c","timestamp":"2026-02-28T08:49:35.332Z"}
{"level":"info","message":"Request received: Get orders for user 696c9df0edd52a597164052c","timestamp":"2026-02-28T08:49:58.851Z"}
{"level":"info","message":"Fetched 24 orders for user 696c9df0edd52a597164052c","timestamp":"2026-02-28T08:49:58.926Z"}
{"level":"info","message":"Request received: Get orders for user 696c9df0edd52a597164052c","timestamp":"2026-02-28T08:50:02.830Z"}
{"level":"info","message":"Fetched 24 orders for user 696c9df0edd52a597164052c","timestamp":"2026-02-28T08:50:02.908Z"}
{"level":"info","message":"Request received: Get orders for user 696c9df0edd52a597164052c","timestamp":"2026-02-28T08:50:03.530Z"}
{"level":"info","message":"Fetched 24 orders for user 696c9df0edd52a597164052c","timestamp":"2026-02-28T08:50:03.646Z"}
{"level":"info","message":"Request received: Get orders for user 696c9df0edd52a597164052c","timestamp":"2026-02-28T08:50:21.890Z"}
{"level":"info","message":"Fetched 24 orders for user 696c9df0edd52a597164052c","timestamp":"2026-02-28T08:50:21.971Z"}
{"level":"info","message":"Request received: Get orders for user 696c9df0edd52a597164052c","timestamp":"2026-02-28T08:50:22.966Z"}
{"level":"info","message":"Fetched 24 orders for user 696c9df0edd52a597164052c","timestamp":"2026-02-28T08:50:23.103Z"}
{"level":"info","message":"Request received: Get details for order #ORD-656480 by user 696c9df0edd52a597164052c","timestamp":"2026-02-28T08:57:04.536Z"}
{"level":"info","message":"Successfully fetched details for order #ORD-656480 by user 696c9df0edd52a597164052c","timestamp":"2026-02-28T08:57:04.646Z"}
{"level":"info","message":"Request received: Get details for order #ORD-656480 by user 696c9df0edd52a597164052c","timestamp":"2026-02-28T08:57:34.146Z"}
{"level":"info","message":"Successfully fetched details for order #ORD-656480 by user 696c9df0edd52a597164052c","timestamp":"2026-02-28T08:57:34.216Z"}
{"level":"info","message":"Request received: Get details for order #ORD-656480 by user 696c9df0edd52a597164052c","timestamp":"2026-02-28T08:57:51.719Z"}
{"level":"info","message":"Successfully fetched details for order #ORD-656480 by user 696c9df0edd52a597164052c","timestamp":"2026-02-28T08:57:51.790Z"}
{"level":"info","message":"Request received: Get details for order #ORD-656480 by user 696c9df0edd52a597164052c","timestamp":"2026-02-28T08:58:01.467Z"}
{"level":"info","message":"Successfully fetched details for order #ORD-656480 by user 696c9df0edd52a597164052c","timestamp":"2026-02-28T08:58:01.559Z"}
{"level":"info","message":"Request received: Get details for order #ORD-656480 by user 696c9df0edd52a597164052c","timestamp":"2026-02-28T08:58:09.486Z"}
{"level":"info","message":"Successfully fetched details for order #ORD-656480 by user 696c9df0edd52a597164052c","timestamp":"2026-02-28T08:58:09.566Z"}
{"level":"info","message":"Request received: Get details for order #ORD-656480 by user 696c9df0edd52a597164052c","timestamp":"2026-02-28T08:58:23.716Z"}
{"level":"info","message":"Successfully fetched details for order #ORD-656480 by user 696c9df0edd52a597164052c","timestamp":"2026-02-28T08:58:23.820Z"}
{"level":"info","message":"Request received: Get details for order #ORD-656480 by user 696c9df0edd52a597164052c","timestamp":"2026-02-28T08:58:27.831Z"}
{"level":"info","message":"Successfully fetched details for order #ORD-656480 by user 696c9df0edd52a597164052c","timestamp":"2026-02-28T08:58:27.923Z"}
{"level":"info","message":"Request received: Get details for order #ORD-656480 by user 696c9df0edd52a597164052c","timestamp":"2026-02-28T08:58:31.147Z"}
{"level":"info","message":"Successfully fetched details for order #ORD-656480 by user 696c9df0edd52a597164052c","timestamp":"2026-02-28T08:58:31.234Z"}
{"level":"info","message":"Request received: Get details for order #ORD-656480 by user 696c9df0edd52a597164052c","timestamp":"2026-02-28T08:58:40.911Z"}
{"level":"info","message":"Successfully fetched details for order #ORD-656480 by user 696c9df0edd52a597164052c","timestamp":"2026-02-28T08:58:40.982Z"}
{"level":"info","message":"Request received: Get details for order #ORD-656480 by user 696c9df0edd52a597164052c","timestamp":"2026-02-28T08:58:52.456Z"}
{"level":"info","message":"Successfully fetched details for order #ORD-656480 by user 696c9df0edd52a597164052c","timestamp":"2026-02-28T08:58:52.531Z"}
{"level":"info","message":"Request received: Get details for order #ORD-656480 by user 696c9df0edd52a597164052c","timestamp":"2026-02-28T08:59:10.826Z"}
{"level":"info","message":"Successfully fetched details for order #ORD-656480 by user 696c9df0edd52a597164052c","timestamp":"2026-02-28T08:59:10.895Z"}
{"level":"info","message":"Request received: Get details for order #ORD-656480 by user 696c9df0edd52a597164052c","timestamp":"2026-02-28T08:59:13.806Z"}
{"level":"info","message":"Successfully fetched details for order #ORD-656480 by user 696c9df0edd52a597164052c","timestamp":"2026-02-28T08:59:13.926Z"}
{"level":"info","message":"Request received: Get details for order #ORD-656480 by user 696c9df0edd52a597164052c","timestamp":"2026-02-28T08:59:14.807Z"}
{"level":"info","message":"Successfully fetched details for order #ORD-656480 by user 696c9df0edd52a597164052c","timestamp":"2026-02-28T08:59:14.876Z"}
{"level":"info","message":"Request received: Get details for order #ORD-656480 by user 696c9df0edd52a597164052c","timestamp":"2026-02-28T08:59:16.948Z"}
{"level":"info","message":"Successfully fetched details for order #ORD-656480 by user 696c9df0edd52a597164052c","timestamp":"2026-02-28T08:59:17.187Z"}
{"level":"info","message":"Request received: Get details for order #ORD-656480 by user 696c9df0edd52a597164052c","timestamp":"2026-02-28T08:59:33.835Z"}
{"level":"info","message":"Successfully fetched details for order #ORD-656480 by user 696c9df0edd52a597164052c","timestamp":"2026-02-28T08:59:33.974Z"}
{"level":"info","message":"Request received: Get details for order #ORD-656480 by user 696c9df0edd52a597164052c","timestamp":"2026-02-28T08:59:42.856Z"}
{"level":"info","message":"Successfully fetched details for order #ORD-656480 by user 696c9df0edd52a597164052c","timestamp":"2026-02-28T08:59:42.939Z"}
{"level":"info","message":"Request received: Get details for order #ORD-656480 by user 696c9df0edd52a597164052c","timestamp":"2026-02-28T08:59:48.265Z"}
{"level":"info","message":"Successfully fetched details for order #ORD-656480 by user 696c9df0edd52a597164052c","timestamp":"2026-02-28T08:59:48.338Z"}
{"level":"info","message":"Request received: Get details for order #ORD-656480 by user 696c9df0edd52a597164052c","timestamp":"2026-02-28T08:59:48.820Z"}
{"level":"info","message":"Successfully fetched details for order #ORD-656480 by user 696c9df0edd52a597164052c","timestamp":"2026-02-28T08:59:48.921Z"}
{"level":"info","message":"Request received: Get details for order #ORD-656480 by user 696c9df0edd52a597164052c","timestamp":"2026-02-28T08:59:49.829Z"}
{"level":"info","message":"Successfully fetched details for order #ORD-656480 by user 696c9df0edd52a597164052c","timestamp":"2026-02-28T08:59:49.939Z"}
{"level":"info","message":"Request received: Get details for order #ORD-656480 by user 696c9df0edd52a597164052c","timestamp":"2026-02-28T08:59:57.865Z"}
{"level":"info","message":"Successfully fetched details for order #ORD-656480 by user 696c9df0edd52a597164052c","timestamp":"2026-02-28T08:59:57.958Z"}
{"level":"info","message":"Request received: Get details for order #ORD-656480 by user 696c9df0edd52a597164052c","timestamp":"2026-02-28T09:00:02.867Z"}
{"level":"info","message":"Successfully fetched details for order #ORD-656480 by user 696c9df0edd52a597164052c","timestamp":"2026-02-28T09:00:02.937Z"}
{"level":"info","message":"Request received: Get details for order #ORD-656480 by user 696c9df0edd52a597164052c","timestamp":"2026-02-28T09:00:06.843Z"}
{"level":"info","message":"Successfully fetched details for order #ORD-656480 by user 696c9df0edd52a597164052c","timestamp":"2026-02-28T09:00:06.916Z"}
{"level":"info","message":"Request received: Get details for order #ORD-656480 by user 696c9df0edd52a597164052c","timestamp":"2026-02-28T09:00:09.822Z"}
{"level":"info","message":"Successfully fetched details for order #ORD-656480 by user 696c9df0edd52a597164052c","timestamp":"2026-02-28T09:00:09.896Z"}
{"level":"info","message":"Request received: Get details for order #ORD-656480 by user 696c9df0edd52a597164052c","timestamp":"2026-02-28T09:00:10.835Z"}
{"level":"info","message":"Successfully fetched details for order #ORD-656480 by user 696c9df0edd52a597164052c","timestamp":"2026-02-28T09:00:10.904Z"}
{"level":"info","message":"Request received: Get details for order #ORD-656480 by user 696c9df0edd52a597164052c","timestamp":"2026-02-28T09:00:11.818Z"}
{"level":"info","message":"Successfully fetched details for order #ORD-656480 by user 696c9df0edd52a597164052c","timestamp":"2026-02-28T09:00:11.883Z"}
{"level":"info","message":"Request received: Get details for order #ORD-656480 by user 696c9df0edd52a597164052c","timestamp":"2026-02-28T09:00:13.856Z"}
{"level":"info","message":"Successfully fetched details for order #ORD-656480 by user 696c9df0edd52a597164052c","timestamp":"2026-02-28T09:00:13.924Z"}
{"level":"info","message":"Request received: Get details for order #ORD-656480 by user 696c9df0edd52a597164052c","timestamp":"2026-02-28T09:00:40.915Z"}
{"level":"info","message":"Successfully fetched details for order #ORD-656480 by user 696c9df0edd52a597164052c","timestamp":"2026-02-28T09:00:40.996Z"}
{"level":"info","message":"Request received: Get details for order #ORD-656480 by user 696c9df0edd52a597164052c","timestamp":"2026-02-28T09:00:49.848Z"}
{"level":"info","message":"Successfully fetched details for order #ORD-656480 by user 696c9df0edd52a597164052c","timestamp":"2026-02-28T09:00:49.917Z"}
{"level":"info","message":"Request received: Get details for order #ORD-656480 by user 696c9df0edd52a597164052c","timestamp":"2026-02-28T09:00:52.837Z"}
{"level":"info","message":"Successfully fetched details for order #ORD-656480 by user 696c9df0edd52a597164052c","timestamp":"2026-02-28T09:00:52.916Z"}
{"level":"info","message":"Request received: Get details for order #ORD-656480 by user 696c9df0edd52a597164052c","timestamp":"2026-02-28T09:01:06.837Z"}
{"level":"info","message":"Successfully fetched details for order #ORD-656480 by user 696c9df0edd52a597164052c","timestamp":"2026-02-28T09:01:06.917Z"}
{"level":"info","message":"Request received: Get details for order #ORD-656480 by user 696c9df0edd52a597164052c","timestamp":"2026-02-28T09:01:07.535Z"}
{"level":"info","message":"Successfully fetched details for order #ORD-656480 by user 696c9df0edd52a597164052c","timestamp":"2026-02-28T09:01:07.603Z"}
{"level":"info","message":"Request received: Get details for order #ORD-656480 by user 696c9df0edd52a597164052c","timestamp":"2026-02-28T09:01:38.835Z"}
{"level":"info","message":"Successfully fetched details for order #ORD-656480 by user 696c9df0edd52a597164052c","timestamp":"2026-02-28T09:01:38.901Z"}
{"level":"info","message":"Request received: Get details for order #ORD-656480 by user 696c9df0edd52a597164052c","timestamp":"2026-02-28T09:02:02.837Z"}
{"level":"info","message":"Successfully fetched details for order #ORD-656480 by user 696c9df0edd52a597164052c","timestamp":"2026-02-28T09:02:02.914Z"}
{"level":"error","message":"Admin access required.","stack":"Error: Admin access required.\n    at verifyAdminToken (file:///C:/Users/aswat/OneDrive/Documents/BinIt%20Project/binit-project/backend/src/middlewares/admin/authenticate-admin.js:12:11)\n    at Layer.handleRequest (C:\\Users\\aswat\\OneDrive\\Documents\\BinIt Project\\binit-project\\backend\\node_modules\\router\\lib\\layer.js:152:17)\n    at trimPrefix (C:\\Users\\aswat\\OneDrive\\Documents\\BinIt Project\\binit-project\\backend\\node_modules\\router\\index.js:342:13)\n    at C:\\Users\\aswat\\OneDrive\\Documents\\BinIt Project\\binit-project\\backend\\node_modules\\router\\index.js:297:9\n    at processParams (C:\\Users\\aswat\\OneDrive\\Documents\\BinIt Project\\binit-project\\backend\\node_modules\\router\\index.js:582:12)\n    at next (C:\\Users\\aswat\\OneDrive\\Documents\\BinIt Project\\binit-project\\backend\\node_modules\\router\\index.js:291:5)\n    at Function.handle (C:\\Users\\aswat\\OneDrive\\Documents\\BinIt Project\\binit-project\\backend\\node_modules\\router\\index.js:186:3)\n    at router (C:\\Users\\aswat\\OneDrive\\Documents\\BinIt Project\\binit-project\\backend\\node_modules\\router\\index.js:60:12)\n    at Layer.handleRequest (C:\\Users\\aswat\\OneDrive\\Documents\\BinIt Project\\binit-project\\backend\\node_modules\\router\\lib\\layer.js:152:17)\n    at trimPrefix (C:\\Users\\aswat\\OneDrive\\Documents\\BinIt Project\\binit-project\\backend\\node_modules\\router\\index.js:342:13)","timestamp":"2026-02-28T09:02:07.068Z"}
{"level":"info","message":"Request received: Get details for order #ORD-656480 by user 696c9df0edd52a597164052c","timestamp":"2026-02-28T09:02:07.572Z"}
{"level":"info","message":"Successfully fetched details for order #ORD-656480 by user 696c9df0edd52a597164052c","timestamp":"2026-02-28T09:02:07.671Z"}
{"level":"info","message":"Request received: Get details for order #ORD-656480 by user 696c9df0edd52a597164052c","timestamp":"2026-02-28T09:02:17.009Z"}
{"level":"info","message":"Successfully fetched details for order #ORD-656480 by user 696c9df0edd52a597164052c","timestamp":"2026-02-28T09:02:17.149Z"}
{"level":"info","message":"Request received: Get details for order #ORD-656480 by user 696c9df0edd52a597164052c","timestamp":"2026-02-28T09:02:17.495Z"}
{"level":"info","message":"Successfully fetched details for order #ORD-656480 by user 696c9df0edd52a597164052c","timestamp":"2026-02-28T09:02:17.594Z"}
{"level":"info","message":"Request received: Get details for order #ORD-656480 by user 696c9df0edd52a597164052c","timestamp":"2026-02-28T09:02:21.294Z"}
{"level":"info","message":"Successfully fetched details for order #ORD-656480 by user 696c9df0edd52a597164052c","timestamp":"2026-02-28T09:02:21.376Z"}
{"level":"info","message":"Request received: Get details for order #ORD-656480 by user 696c9df0edd52a597164052c","timestamp":"2026-02-28T09:02:28.851Z"}
{"level":"info","message":"Successfully fetched details for order #ORD-656480 by user 696c9df0edd52a597164052c","timestamp":"2026-02-28T09:02:28.933Z"}
{"level":"info","message":"Request received: Get details for order #ORD-656480 by user 696c9df0edd52a597164052c","timestamp":"2026-02-28T09:02:33.880Z"}
{"level":"info","message":"Successfully fetched details for order #ORD-656480 by user 696c9df0edd52a597164052c","timestamp":"2026-02-28T09:02:33.960Z"}
{"level":"info","message":"Request received: Get details for order #ORD-656480 by user 696c9df0edd52a597164052c","timestamp":"2026-02-28T09:02:35.585Z"}
{"level":"info","message":"Successfully fetched details for order #ORD-656480 by user 696c9df0edd52a597164052c","timestamp":"2026-02-28T09:02:35.667Z"}
{"level":"error","message":"Admin access required.","stack":"Error: Admin access required.\n    at verifyAdminToken (file:///C:/Users/aswat/OneDrive/Documents/BinIt%20Project/binit-project/backend/src/middlewares/admin/authenticate-admin.js:12:11)\n    at Layer.handleRequest (C:\\Users\\aswat\\OneDrive\\Documents\\BinIt Project\\binit-project\\backend\\node_modules\\router\\lib\\layer.js:152:17)\n    at trimPrefix (C:\\Users\\aswat\\OneDrive\\Documents\\BinIt Project\\binit-project\\backend\\node_modules\\router\\index.js:342:13)\n    at C:\\Users\\aswat\\OneDrive\\Documents\\BinIt Project\\binit-project\\backend\\node_modules\\router\\index.js:297:9\n    at processParams (C:\\Users\\aswat\\OneDrive\\Documents\\BinIt Project\\binit-project\\backend\\node_modules\\router\\index.js:582:12)\n    at next (C:\\Users\\aswat\\OneDrive\\Documents\\BinIt Project\\binit-project\\backend\\node_modules\\router\\index.js:291:5)\n    at Function.handle (C:\\Users\\aswat\\OneDrive\\Documents\\BinIt Project\\binit-project\\backend\\node_modules\\router\\index.js:186:3)\n    at router (C:\\Users\\aswat\\OneDrive\\Documents\\BinIt Project\\binit-project\\backend\\node_modules\\router\\index.js:60:12)\n    at Layer.handleRequest (C:\\Users\\aswat\\OneDrive\\Documents\\BinIt Project\\binit-project\\backend\\node_modules\\router\\lib\\layer.js:152:17)\n    at trimPrefix (C:\\Users\\aswat\\OneDrive\\Documents\\BinIt Project\\binit-project\\backend\\node_modules\\router\\index.js:342:13)","timestamp":"2026-02-28T10:01:35.506Z"}
{"level":"error","message":"jwt expired","stack":"TokenExpiredError: jwt expired\n    at C:\\Users\\aswat\\OneDrive\\Documents\\BinIt Project\\binit-project\\backend\\node_modules\\jsonwebtoken\\verify.js:190:21\n    at getSecret (C:\\Users\\aswat\\OneDrive\\Documents\\BinIt Project\\binit-project\\backend\\node_modules\\jsonwebtoken\\verify.js:97:14)\n    at module.exports [as verify] (C:\\Users\\aswat\\OneDrive\\Documents\\BinIt Project\\binit-project\\backend\\node_modules\\jsonwebtoken\\verify.js:101:10)\n    at verifyAccessToken (file:///C:/Users/aswat/OneDrive/Documents/BinIt%20Project/binit-project/backend/src/utils/jwt.js:55:16)\n    at authenticateUser (file:///C:/Users/aswat/OneDrive/Documents/BinIt%20Project/binit-project/backend/src/middlewares/user/authenticate-user.js:16:24)\n    at Layer.handleRequest (C:\\Users\\aswat\\OneDrive\\Documents\\BinIt Project\\binit-project\\backend\\node_modules\\router\\lib\\layer.js:152:17)\n    at trimPrefix (C:\\Users\\aswat\\OneDrive\\Documents\\BinIt Project\\binit-project\\backend\\node_modules\\router\\index.js:342:13)\n    at C:\\Users\\aswat\\OneDrive\\Documents\\BinIt Project\\binit-project\\backend\\node_modules\\router\\index.js:297:9\n    at processParams (C:\\Users\\aswat\\OneDrive\\Documents\\BinIt Project\\binit-project\\backend\\node_modules\\router\\index.js:582:12)\n    at next (C:\\Users\\aswat\\OneDrive\\Documents\\BinIt Project\\binit-project\\backend\\node_modules\\router\\index.js:291:5)","timestamp":"2026-02-28T10:01:35.513Z"}
{"level":"info","message":"Request received: Get details for order #ORD-656480 by user 696c9df0edd52a597164052c","timestamp":"2026-02-28T10:01:39.643Z"}
{"level":"info","message":"Successfully fetched details for order #ORD-656480 by user 696c9df0edd52a597164052c","timestamp":"2026-02-28T10:01:39.737Z"}
{"level":"info","message":"Request received: Get details for order #ORD-656480 by user 696c9df0edd52a597164052c","timestamp":"2026-02-28T10:02:15.844Z"}
{"level":"info","message":"Successfully fetched details for order #ORD-656480 by user 696c9df0edd52a597164052c","timestamp":"2026-02-28T10:02:15.924Z"}
{"level":"info","message":"Request received: Get details for order #ORD-656480 by user 696c9df0edd52a597164052c","timestamp":"2026-02-28T10:02:27.854Z"}
{"level":"info","message":"Successfully fetched details for order #ORD-656480 by user 696c9df0edd52a597164052c","timestamp":"2026-02-28T10:02:27.951Z"}
{"level":"info","message":"Request received: Get details for order #ORD-656480 by user 696c9df0edd52a597164052c","timestamp":"2026-02-28T10:02:30.840Z"}
{"level":"info","message":"Successfully fetched details for order #ORD-656480 by user 696c9df0edd52a597164052c","timestamp":"2026-02-28T10:02:30.908Z"}
{"level":"info","message":"Request received: Get details for order #ORD-656480 by user 696c9df0edd52a597164052c","timestamp":"2026-02-28T10:02:56.862Z"}
{"level":"info","message":"Successfully fetched details for order #ORD-656480 by user 696c9df0edd52a597164052c","timestamp":"2026-02-28T10:02:56.963Z"}
{"level":"info","message":"Request received: Get details for order #ORD-656480 by user 696c9df0edd52a597164052c","timestamp":"2026-02-28T10:02:59.855Z"}
{"level":"info","message":"Successfully fetched details for order #ORD-656480 by user 696c9df0edd52a597164052c","timestamp":"2026-02-28T10:02:59.925Z"}
{"level":"info","message":"Request received: Get details for order #ORD-656480 by user 696c9df0edd52a597164052c","timestamp":"2026-02-28T10:03:01.869Z"}
{"level":"info","message":"Successfully fetched details for order #ORD-656480 by user 696c9df0edd52a597164052c","timestamp":"2026-02-28T10:03:01.959Z"}
{"level":"info","message":"Request received: Get details for order #ORD-656480 by user 696c9df0edd52a597164052c","timestamp":"2026-02-28T10:03:49.435Z"}
{"level":"info","message":"Successfully fetched details for order #ORD-656480 by user 696c9df0edd52a597164052c","timestamp":"2026-02-28T10:03:49.628Z"}
{"level":"info","message":"Request received: Get orders for user 696c9df0edd52a597164052c","timestamp":"2026-02-28T10:04:16.766Z"}
{"level":"info","message":"Fetched 24 orders for user 696c9df0edd52a597164052c","timestamp":"2026-02-28T10:04:16.897Z"}
{"level":"info","message":"Request received: Get details for order #ORD-526584 by user 696c9df0edd52a597164052c","timestamp":"2026-02-28T10:04:30.487Z"}
{"level":"info","message":"Successfully fetched details for order #ORD-526584 by user 696c9df0edd52a597164052c","timestamp":"2026-02-28T10:04:30.588Z"}
{"level":"info","message":"Request received: Get details for order #ORD-526584 by user 696c9df0edd52a597164052c","timestamp":"2026-02-28T10:04:36.350Z"}
{"level":"info","message":"Successfully fetched details for order #ORD-526584 by user 696c9df0edd52a597164052c","timestamp":"2026-02-28T10:04:36.423Z"}
{"level":"info","message":"Request received: Get details for order #ORD-526584 by user 696c9df0edd52a597164052c","timestamp":"2026-02-28T10:04:40.180Z"}
{"level":"info","message":"Successfully fetched details for order #ORD-526584 by user 696c9df0edd52a597164052c","timestamp":"2026-02-28T10:04:40.281Z"}
{"level":"info","message":"Request received: Get details for order #ORD-526584 by user 696c9df0edd52a597164052c","timestamp":"2026-02-28T10:04:54.252Z"}
{"level":"info","message":"Successfully fetched details for order #ORD-526584 by user 696c9df0edd52a597164052c","timestamp":"2026-02-28T10:04:54.337Z"}
{"level":"info","message":"Request received: Get details for order #ORD-526584 by user 696c9df0edd52a597164052c","timestamp":"2026-02-28T10:09:39.475Z"}
{"level":"info","message":"Successfully fetched details for order #ORD-526584 by user 696c9df0edd52a597164052c","timestamp":"2026-02-28T10:09:39.556Z"}
{"level":"info","message":"Request received: Cancel item 69a2753eb978f927bd3f6d07 from order #ORD-526584 for user 696c9df0edd52a597164052c","timestamp":"2026-02-28T10:09:45.881Z"}
{"level":"info","message":"Item 69a2753eb978f927bd3f6d07 from order #ORD-526584 marked as Cancelled by user 696c9df0edd52a597164052c","timestamp":"2026-02-28T10:09:46.018Z"}
{"level":"info","message":"Request received: Get details for order #ORD-526584 by user 696c9df0edd52a597164052c","timestamp":"2026-02-28T10:09:46.077Z"}
{"level":"info","message":"Successfully fetched details for order #ORD-526584 by user 696c9df0edd52a597164052c","timestamp":"2026-02-28T10:09:46.161Z"}
{"level":"info","message":"Fetched admin orders successfully. Page: 1","timestamp":"2026-02-28T10:09:52.322Z"}
{"level":"info","message":"Fetched admin orders successfully. Page: 1","timestamp":"2026-02-28T10:09:57.611Z"}
{"level":"info","message":"Fetched admin orders successfully. Page: 1","timestamp":"2026-02-28T10:09:58.839Z"}
{"level":"info","message":"Admin request received: Get details for order 69a2753eb978f927bd3f6d05","timestamp":"2026-02-28T10:10:02.183Z"}
{"level":"info","message":"Successfully fetched details for order 69a2753eb978f927bd3f6d05 by Admin","timestamp":"2026-02-28T10:10:02.301Z"}
{"level":"info","message":"Admin request received: Get details for order 69a2753eb978f927bd3f6d05","timestamp":"2026-02-28T10:10:08.945Z"}
{"level":"info","message":"Successfully fetched details for order 69a2753eb978f927bd3f6d05 by Admin","timestamp":"2026-02-28T10:10:09.028Z"}
{"level":"info","message":"Request received: Get details for order #ORD-526584 by user 696c9df0edd52a597164052c","timestamp":"2026-02-28T10:10:21.995Z"}
{"level":"info","message":"Successfully fetched details for order #ORD-526584 by user 696c9df0edd52a597164052c","timestamp":"2026-02-28T10:10:22.115Z"}
{"level":"info","message":"Request received: Get details for order #ORD-526584 by user 696c9df0edd52a597164052c","timestamp":"2026-02-28T10:11:47.104Z"}
{"level":"info","message":"Successfully fetched details for order #ORD-526584 by user 696c9df0edd52a597164052c","timestamp":"2026-02-28T10:11:47.279Z"}
{"level":"info","message":"Admin request received: Get details for order 69a2753eb978f927bd3f6d05","timestamp":"2026-02-28T10:12:15.308Z"}
{"level":"info","message":"Successfully fetched details for order 69a2753eb978f927bd3f6d05 by Admin","timestamp":"2026-02-28T10:12:15.394Z"}
{"level":"info","message":"Admin request received: Get details for order 69a2753eb978f927bd3f6d05","timestamp":"2026-02-28T10:12:31.446Z"}
{"level":"info","message":"Successfully fetched details for order 69a2753eb978f927bd3f6d05 by Admin","timestamp":"2026-02-28T10:12:31.557Z"}
{"level":"info","message":"Admin request received: Get details for order 69a2753eb978f927bd3f6d05","timestamp":"2026-02-28T10:13:41.160Z"}
{"level":"info","message":"Successfully fetched details for order 69a2753eb978f927bd3f6d05 by Admin","timestamp":"2026-02-28T10:13:41.238Z"}
{"level":"info","message":"Request received: Get details for order #ORD-526584 by user 696c9df0edd52a597164052c","timestamp":"2026-02-28T10:14:17.898Z"}
{"level":"info","message":"Successfully fetched details for order #ORD-526584 by user 696c9df0edd52a597164052c","timestamp":"2026-02-28T10:14:17.972Z"}
{"level":"info","message":"Admin request received: Get details for order 69a2753eb978f927bd3f6d05","timestamp":"2026-02-28T10:14:23.404Z"}
{"level":"info","message":"Successfully fetched details for order 69a2753eb978f927bd3f6d05 by Admin","timestamp":"2026-02-28T10:14:23.523Z"}
{"level":"info","message":"Request received: Get details for order #ORD-526584 by user 696c9df0edd52a597164052c","timestamp":"2026-02-28T10:14:25.757Z"}
{"level":"info","message":"Successfully fetched details for order #ORD-526584 by user 696c9df0edd52a597164052c","timestamp":"2026-02-28T10:14:25.837Z"}
{"level":"info","message":"Request received: Get orders for user 696c9df0edd52a597164052c","timestamp":"2026-02-28T10:14:30.413Z"}
{"level":"info","message":"Fetched 24 orders for user 696c9df0edd52a597164052c","timestamp":"2026-02-28T10:14:30.537Z"}
{"level":"info","message":"Request received: Get details for order #ORD-938074 by user 696c9df0edd52a597164052c","timestamp":"2026-02-28T10:14:36.537Z"}
{"level":"info","message":"Successfully fetched details for order #ORD-938074 by user 696c9df0edd52a597164052c","timestamp":"2026-02-28T10:14:36.616Z"}
{"level":"info","message":"Request received: Cancel item 69a26f0a61818a4a27df0052 from order #ORD-938074 for user 696c9df0edd52a597164052c","timestamp":"2026-02-28T10:14:45.508Z"}
{"level":"info","message":"Item 69a26f0a61818a4a27df0052 from order #ORD-938074 marked as Cancelled by user 696c9df0edd52a597164052c","timestamp":"2026-02-28T10:14:45.679Z"}
{"level":"info","message":"Request received: Get details for order #ORD-938074 by user 696c9df0edd52a597164052c","timestamp":"2026-02-28T10:14:45.749Z"}
{"level":"info","message":"Successfully fetched details for order #ORD-938074 by user 696c9df0edd52a597164052c","timestamp":"2026-02-28T10:14:45.851Z"}
{"level":"info","message":"Request received: Get orders for user 696c9df0edd52a597164052c","timestamp":"2026-02-28T10:14:49.915Z"}
{"level":"info","message":"Fetched 24 orders for user 696c9df0edd52a597164052c","timestamp":"2026-02-28T10:14:50.016Z"}
{"level":"info","message":"Request received: Get details for order #ORD-938074 by user 696c9df0edd52a597164052c","timestamp":"2026-02-28T10:14:56.497Z"}
{"level":"info","message":"Successfully fetched details for order #ORD-938074 by user 696c9df0edd52a597164052c","timestamp":"2026-02-28T10:14:56.582Z"}
{"level":"info","message":"Request received: Get orders for user 696c9df0edd52a597164052c","timestamp":"2026-02-28T10:15:26.194Z"}
{"level":"info","message":"Fetched 24 orders for user 696c9df0edd52a597164052c","timestamp":"2026-02-28T10:15:26.319Z"}
{"level":"info","message":"Request received: Get details for order #ORD-938074 by user 696c9df0edd52a597164052c","timestamp":"2026-02-28T10:15:38.170Z"}
{"level":"info","message":"Successfully fetched details for order #ORD-938074 by user 696c9df0edd52a597164052c","timestamp":"2026-02-28T10:15:38.257Z"}
{"level":"error","message":"jwt expired","stack":"TokenExpiredError: jwt expired\n    at C:\\Users\\aswat\\OneDrive\\Documents\\BinIt Project\\binit-project\\backend\\node_modules\\jsonwebtoken\\verify.js:190:21\n    at getSecret (C:\\Users\\aswat\\OneDrive\\Documents\\BinIt Project\\binit-project\\backend\\node_modules\\jsonwebtoken\\verify.js:97:14)\n    at module.exports [as verify] (C:\\Users\\aswat\\OneDrive\\Documents\\BinIt Project\\binit-project\\backend\\node_modules\\jsonwebtoken\\verify.js:101:10)\n    at verifyAccessToken (file:///C:/Users/aswat/OneDrive/Documents/BinIt%20Project/binit-project/backend/src/utils/jwt.js:55:16)\n    at authenticateUser (file:///C:/Users/aswat/OneDrive/Documents/BinIt%20Project/binit-project/backend/src/middlewares/user/authenticate-user.js:16:24)\n    at Layer.handleRequest (C:\\Users\\aswat\\OneDrive\\Documents\\BinIt Project\\binit-project\\backend\\node_modules\\router\\lib\\layer.js:152:17)\n    at trimPrefix (C:\\Users\\aswat\\OneDrive\\Documents\\BinIt Project\\binit-project\\backend\\node_modules\\router\\index.js:342:13)\n    at C:\\Users\\aswat\\OneDrive\\Documents\\BinIt Project\\binit-project\\backend\\node_modules\\router\\index.js:297:9\n    at processParams (C:\\Users\\aswat\\OneDrive\\Documents\\BinIt Project\\binit-project\\backend\\node_modules\\router\\index.js:582:12)\n    at next (C:\\Users\\aswat\\OneDrive\\Documents\\BinIt Project\\binit-project\\backend\\node_modules\\router\\index.js:291:5)","timestamp":"2026-02-28T10:17:20.846Z"}
{"level":"info","message":"Request received: Get details for order #ORD-938074 by user 696c9df0edd52a597164052c","timestamp":"2026-02-28T10:17:21.226Z"}
{"level":"info","message":"Successfully fetched details for order #ORD-938074 by user 696c9df0edd52a597164052c","timestamp":"2026-02-28T10:17:21.332Z"}
{"level":"info","message":"Request received: Get details for order #ORD-938074 by user 696c9df0edd52a597164052c","timestamp":"2026-02-28T10:17:42.839Z"}
{"level":"info","message":"Successfully fetched details for order #ORD-938074 by user 696c9df0edd52a597164052c","timestamp":"2026-02-28T10:17:42.915Z"}
{"level":"info","message":"Request received: Get details for order #ORD-938074 by user 696c9df0edd52a597164052c","timestamp":"2026-02-28T10:18:09.648Z"}
{"level":"info","message":"Successfully fetched details for order #ORD-938074 by user 696c9df0edd52a597164052c","timestamp":"2026-02-28T10:18:09.723Z"}
{"level":"info","message":"Request received: Get details for order #ORD-938074 by user 696c9df0edd52a597164052c","timestamp":"2026-02-28T10:18:24.526Z"}
{"level":"info","message":"Successfully fetched details for order #ORD-938074 by user 696c9df0edd52a597164052c","timestamp":"2026-02-28T10:18:24.630Z"}
{"level":"info","message":"Request received: Get details for order #ORD-938074 by user 696c9df0edd52a597164052c","timestamp":"2026-02-28T10:18:40.851Z"}
{"level":"info","message":"Successfully fetched details for order #ORD-938074 by user 696c9df0edd52a597164052c","timestamp":"2026-02-28T10:18:40.928Z"}
{"level":"info","message":"Request received: Get details for order #ORD-938074 by user 696c9df0edd52a597164052c","timestamp":"2026-02-28T10:18:41.167Z"}
{"level":"info","message":"Successfully fetched details for order #ORD-938074 by user 696c9df0edd52a597164052c","timestamp":"2026-02-28T10:18:41.263Z"}
{"level":"info","message":"Request received: Get details for order #ORD-938074 by user 696c9df0edd52a597164052c","timestamp":"2026-02-28T10:18:49.395Z"}
{"level":"info","message":"Successfully fetched details for order #ORD-938074 by user 696c9df0edd52a597164052c","timestamp":"2026-02-28T10:18:49.474Z"}
{"level":"info","message":"Request received: Get details for order #ORD-938074 by user 696c9df0edd52a597164052c","timestamp":"2026-02-28T10:18:52.836Z"}
{"level":"info","message":"Successfully fetched details for order #ORD-938074 by user 696c9df0edd52a597164052c","timestamp":"2026-02-28T10:18:52.911Z"}
{"level":"info","message":"Request received: Get details for order #ORD-938074 by user 696c9df0edd52a597164052c","timestamp":"2026-02-28T10:18:55.020Z"}
{"level":"info","message":"Successfully fetched details for order #ORD-938074 by user 696c9df0edd52a597164052c","timestamp":"2026-02-28T10:18:55.113Z"}
{"level":"error","message":"Admin access required.","stack":"Error: Admin access required.\n    at verifyAdminToken (file:///C:/Users/aswat/OneDrive/Documents/BinIt%20Project/binit-project/backend/src/middlewares/admin/authenticate-admin.js:12:11)\n    at Layer.handleRequest (C:\\Users\\aswat\\OneDrive\\Documents\\BinIt Project\\binit-project\\backend\\node_modules\\router\\lib\\layer.js:152:17)\n    at trimPrefix (C:\\Users\\aswat\\OneDrive\\Documents\\BinIt Project\\binit-project\\backend\\node_modules\\router\\index.js:342:13)\n    at C:\\Users\\aswat\\OneDrive\\Documents\\BinIt Project\\binit-project\\backend\\node_modules\\router\\index.js:297:9\n    at processParams (C:\\Users\\aswat\\OneDrive\\Documents\\BinIt Project\\binit-project\\backend\\node_modules\\router\\index.js:582:12)\n    at next (C:\\Users\\aswat\\OneDrive\\Documents\\BinIt Project\\binit-project\\backend\\node_modules\\router\\index.js:291:5)\n    at Function.handle (C:\\Users\\aswat\\OneDrive\\Documents\\BinIt Project\\binit-project\\backend\\node_modules\\router\\index.js:186:3)\n    at router (C:\\Users\\aswat\\OneDrive\\Documents\\BinIt Project\\binit-project\\backend\\node_modules\\router\\index.js:60:12)\n    at Layer.handleRequest (C:\\Users\\aswat\\OneDrive\\Documents\\BinIt Project\\binit-project\\backend\\node_modules\\router\\lib\\layer.js:152:17)\n    at trimPrefix (C:\\Users\\aswat\\OneDrive\\Documents\\BinIt Project\\binit-project\\backend\\node_modules\\router\\index.js:342:13)","timestamp":"2026-02-28T10:19:09.263Z"}
{"level":"info","message":"Request received: Get details for order #ORD-938074 by user 696c9df0edd52a597164052c","timestamp":"2026-02-28T10:19:09.815Z"}
{"level":"info","message":"Successfully fetched details for order #ORD-938074 by user 696c9df0edd52a597164052c","timestamp":"2026-02-28T10:19:09.939Z"}
{"level":"info","message":"Request received: Get details for order #ORD-938074 by user 696c9df0edd52a597164052c","timestamp":"2026-02-28T10:19:20.069Z"}
{"level":"info","message":"Successfully fetched details for order #ORD-938074 by user 696c9df0edd52a597164052c","timestamp":"2026-02-28T10:19:20.198Z"}
{"level":"info","message":"Request received: Get details for order #ORD-938074 by user 696c9df0edd52a597164052c","timestamp":"2026-02-28T10:19:27.139Z"}
{"level":"info","message":"Successfully fetched details for order #ORD-938074 by user 696c9df0edd52a597164052c","timestamp":"2026-02-28T10:19:27.248Z"}
{"level":"info","message":"Request received: Get details for order #ORD-938074 by user 696c9df0edd52a597164052c","timestamp":"2026-02-28T10:19:38.283Z"}
{"level":"info","message":"Successfully fetched details for order #ORD-938074 by user 696c9df0edd52a597164052c","timestamp":"2026-02-28T10:19:38.353Z"}
{"level":"info","message":"Request received: Get details for order #ORD-938074 by user 696c9df0edd52a597164052c","timestamp":"2026-02-28T10:19:43.983Z"}
{"level":"info","message":"Successfully fetched details for order #ORD-938074 by user 696c9df0edd52a597164052c","timestamp":"2026-02-28T10:19:44.060Z"}
{"level":"info","message":"Request received: Get details for order #ORD-938074 by user 696c9df0edd52a597164052c","timestamp":"2026-02-28T10:21:17.895Z"}
{"level":"info","message":"Successfully fetched details for order #ORD-938074 by user 696c9df0edd52a597164052c","timestamp":"2026-02-28T10:21:17.969Z"}
{"level":"info","message":"Request received: Get details for order #ORD-938074 by user 696c9df0edd52a597164052c","timestamp":"2026-02-28T10:21:25.870Z"}
{"level":"info","message":"Successfully fetched details for order #ORD-938074 by user 696c9df0edd52a597164052c","timestamp":"2026-02-28T10:21:25.963Z"}
{"level":"info","message":"Request received: Get details for order #ORD-938074 by user 696c9df0edd52a597164052c","timestamp":"2026-02-28T10:25:24.881Z"}
{"level":"info","message":"Successfully fetched details for order #ORD-938074 by user 696c9df0edd52a597164052c","timestamp":"2026-02-28T10:25:25.014Z"}
{"level":"info","message":"Request received: Get orders for user 696c9df0edd52a597164052c","timestamp":"2026-02-28T10:25:33.710Z"}
{"level":"info","message":"Fetched 24 orders for user 696c9df0edd52a597164052c","timestamp":"2026-02-28T10:25:33.871Z"}
{"level":"info","message":"Request received: Get orders for user 696c9df0edd52a597164052c","timestamp":"2026-02-28T10:25:36.155Z"}
{"level":"info","message":"Fetched 24 orders for user 696c9df0edd52a597164052c","timestamp":"2026-02-28T10:25:36.293Z"}
{"level":"info","message":"Request received: Get details for order #ORD-938074 by user 696c9df0edd52a597164052c","timestamp":"2026-02-28T10:25:39.943Z"}
{"level":"info","message":"Successfully fetched details for order #ORD-938074 by user 696c9df0edd52a597164052c","timestamp":"2026-02-28T10:25:40.025Z"}
{"level":"info","message":"Request received: Get orders for user 696c9df0edd52a597164052c","timestamp":"2026-02-28T10:25:43.979Z"}
{"level":"info","message":"Fetched 24 orders for user 696c9df0edd52a597164052c","timestamp":"2026-02-28T10:25:44.098Z"}
{"level":"info","message":"Request received: Get details for order #ORD-938074 by user 696c9df0edd52a597164052c","timestamp":"2026-02-28T10:25:49.648Z"}
{"level":"info","message":"Successfully fetched details for order #ORD-938074 by user 696c9df0edd52a597164052c","timestamp":"2026-02-28T10:25:49.740Z"}
{"level":"info","message":"Request received: Get orders for user 696c9df0edd52a597164052c","timestamp":"2026-02-28T10:26:07.260Z"}
{"level":"info","message":"Fetched 24 orders for user 696c9df0edd52a597164052c","timestamp":"2026-02-28T10:26:07.425Z"}
{"level":"info","message":"Request received: Get details for order #ORD-656480 by user 696c9df0edd52a597164052c","timestamp":"2026-02-28T10:26:10.453Z"}
{"level":"info","message":"Successfully fetched details for order #ORD-656480 by user 696c9df0edd52a597164052c","timestamp":"2026-02-28T10:26:10.577Z"}
{"level":"info","message":"Request received: Get orders for user 696c9df0edd52a597164052c","timestamp":"2026-02-28T10:26:24.947Z"}
{"level":"info","message":"Fetched 24 orders for user 696c9df0edd52a597164052c","timestamp":"2026-02-28T10:26:25.070Z"}
{"level":"info","message":"Request received: Get details for order #ORD-308192 by user 696c9df0edd52a597164052c","timestamp":"2026-02-28T10:26:29.235Z"}
{"level":"info","message":"Successfully fetched details for order #ORD-308192 by user 696c9df0edd52a597164052c","timestamp":"2026-02-28T10:26:29.323Z"}
{"level":"info","message":"Request received: Get details for order #ORD-308192 by user 696c9df0edd52a597164052c","timestamp":"2026-02-28T10:27:03.900Z"}
{"level":"info","message":"Successfully fetched details for order #ORD-308192 by user 696c9df0edd52a597164052c","timestamp":"2026-02-28T10:27:03.979Z"}
{"level":"info","message":"Request received: Get details for order #ORD-308192 by user 696c9df0edd52a597164052c","timestamp":"2026-02-28T10:27:04.129Z"}
{"level":"info","message":"Successfully fetched details for order #ORD-308192 by user 696c9df0edd52a597164052c","timestamp":"2026-02-28T10:27:04.213Z"}
{"level":"info","message":"Request received: Get details for order #ORD-308192 by user 696c9df0edd52a597164052c","timestamp":"2026-02-28T10:27:08.739Z"}
{"level":"info","message":"Successfully fetched details for order #ORD-308192 by user 696c9df0edd52a597164052c","timestamp":"2026-02-28T10:27:08.841Z"}
{"level":"info","message":"Request received: Get details for order #ORD-308192 by user 696c9df0edd52a597164052c","timestamp":"2026-02-28T10:27:24.939Z"}
{"level":"info","message":"Successfully fetched details for order #ORD-308192 by user 696c9df0edd52a597164052c","timestamp":"2026-02-28T10:27:25.007Z"}
{"level":"info","message":"Request received: Get details for order #ORD-308192 by user 696c9df0edd52a597164052c","timestamp":"2026-02-28T10:27:27.850Z"}
{"level":"info","message":"Successfully fetched details for order #ORD-308192 by user 696c9df0edd52a597164052c","timestamp":"2026-02-28T10:27:27.929Z"}
{"level":"info","message":"Request received: Get details for order #ORD-308192 by user 696c9df0edd52a597164052c","timestamp":"2026-02-28T10:27:51.124Z"}
{"level":"info","message":"Successfully fetched details for order #ORD-308192 by user 696c9df0edd52a597164052c","timestamp":"2026-02-28T10:27:51.205Z"}
{"level":"info","message":"Request received: Get details for order #ORD-308192 by user 696c9df0edd52a597164052c","timestamp":"2026-02-28T10:27:54.922Z"}
{"level":"info","message":"Successfully fetched details for order #ORD-308192 by user 696c9df0edd52a597164052c","timestamp":"2026-02-28T10:27:55.053Z"}
{"level":"info","message":"Request received: Get details for order #ORD-308192 by user 696c9df0edd52a597164052c","timestamp":"2026-02-28T10:27:56.841Z"}
{"level":"info","message":"Successfully fetched details for order #ORD-308192 by user 696c9df0edd52a597164052c","timestamp":"2026-02-28T10:27:56.910Z"}
{"level":"info","message":"Request received: Get details for order #ORD-308192 by user 696c9df0edd52a597164052c","timestamp":"2026-02-28T10:27:57.873Z"}
{"level":"info","message":"Successfully fetched details for order #ORD-308192 by user 696c9df0edd52a597164052c","timestamp":"2026-02-28T10:27:57.948Z"}
{"level":"info","message":"Request received: Get details for order #ORD-308192 by user 696c9df0edd52a597164052c","timestamp":"2026-02-28T10:27:58.838Z"}
{"level":"info","message":"Successfully fetched details for order #ORD-308192 by user 696c9df0edd52a597164052c","timestamp":"2026-02-28T10:27:58.924Z"}
{"level":"info","message":"Request received: Get details for order #ORD-308192 by user 696c9df0edd52a597164052c","timestamp":"2026-02-28T10:28:02.891Z"}
{"level":"info","message":"Successfully fetched details for order #ORD-308192 by user 696c9df0edd52a597164052c","timestamp":"2026-02-28T10:28:02.976Z"}
{"level":"info","message":"Request received: Get details for order #ORD-308192 by user 696c9df0edd52a597164052c","timestamp":"2026-02-28T10:28:04.842Z"}
{"level":"info","message":"Successfully fetched details for order #ORD-308192 by user 696c9df0edd52a597164052c","timestamp":"2026-02-28T10:28:04.914Z"}
{"level":"info","message":"Request received: Get details for order #ORD-308192 by user 696c9df0edd52a597164052c","timestamp":"2026-02-28T10:28:06.871Z"}
{"level":"info","message":"Successfully fetched details for order #ORD-308192 by user 696c9df0edd52a597164052c","timestamp":"2026-02-28T10:28:06.978Z"}
{"level":"info","message":"Request received: Get details for order #ORD-308192 by user 696c9df0edd52a597164052c","timestamp":"2026-02-28T10:28:39.845Z"}
{"level":"info","message":"Successfully fetched details for order #ORD-308192 by user 696c9df0edd52a597164052c","timestamp":"2026-02-28T10:28:39.925Z"}
{"level":"info","message":"Request received: Get details for order #ORD-308192 by user 696c9df0edd52a597164052c","timestamp":"2026-02-28T10:28:47.879Z"}
{"level":"info","message":"Successfully fetched details for order #ORD-308192 by user 696c9df0edd52a597164052c","timestamp":"2026-02-28T10:28:47.955Z"}
{"level":"info","message":"Request received: Get details for order #ORD-308192 by user 696c9df0edd52a597164052c","timestamp":"2026-02-28T10:28:49.894Z"}
{"level":"info","message":"Successfully fetched details for order #ORD-308192 by user 696c9df0edd52a597164052c","timestamp":"2026-02-28T10:28:49.990Z"}
{"level":"info","message":"Request received: Get details for order #ORD-308192 by user 696c9df0edd52a597164052c","timestamp":"2026-02-28T10:28:52.541Z"}
{"level":"info","message":"Successfully fetched details for order #ORD-308192 by user 696c9df0edd52a597164052c","timestamp":"2026-02-28T10:28:52.689Z"}
{"level":"info","message":"Request received: Get details for order #ORD-308192 by user 696c9df0edd52a597164052c","timestamp":"2026-02-28T10:29:06.855Z"}
{"level":"info","message":"Successfully fetched details for order #ORD-308192 by user 696c9df0edd52a597164052c","timestamp":"2026-02-28T10:29:06.932Z"}
{"level":"info","message":"Request received: Get details for order #ORD-308192 by user 696c9df0edd52a597164052c","timestamp":"2026-02-28T10:29:57.801Z"}
{"level":"info","message":"Successfully fetched details for order #ORD-308192 by user 696c9df0edd52a597164052c","timestamp":"2026-02-28T10:29:57.899Z"}
{"level":"info","message":"Request received: Get details for order #ORD-308192 by user 696c9df0edd52a597164052c","timestamp":"2026-02-28T10:30:05.389Z"}
{"level":"info","message":"Successfully fetched details for order #ORD-308192 by user 696c9df0edd52a597164052c","timestamp":"2026-02-28T10:30:05.504Z"}
{"level":"info","message":"Request received: Get details for order #ORD-308192 by user 696c9df0edd52a597164052c","timestamp":"2026-02-28T10:30:12.877Z"}
{"level":"info","message":"Successfully fetched details for order #ORD-308192 by user 696c9df0edd52a597164052c","timestamp":"2026-02-28T10:30:12.952Z"}
{"level":"info","message":"Request received: Get details for order #ORD-308192 by user 696c9df0edd52a597164052c","timestamp":"2026-02-28T10:30:18.836Z"}
{"level":"info","message":"Successfully fetched details for order #ORD-308192 by user 696c9df0edd52a597164052c","timestamp":"2026-02-28T10:30:18.921Z"}
{"level":"info","message":"Request received: Cancel item 69a274643fdc09a452388e42 from order #ORD-308192 for user 696c9df0edd52a597164052c","timestamp":"2026-02-28T10:30:33.241Z"}
{"level":"info","message":"Request received: Cancel item 69a274643fdc09a452388e44 from order #ORD-308192 for user 696c9df0edd52a597164052c","timestamp":"2026-02-28T10:30:33.251Z"}
{"level":"info","message":"Item 69a274643fdc09a452388e42 from order #ORD-308192 marked as Cancelled by user 696c9df0edd52a597164052c","timestamp":"2026-02-28T10:30:33.383Z"}
{"level":"info","message":"Item 69a274643fdc09a452388e44 from order #ORD-308192 marked as Cancelled by user 696c9df0edd52a597164052c","timestamp":"2026-02-28T10:30:33.385Z"}
{"level":"info","message":"Request received: Get details for order #ORD-308192 by user 696c9df0edd52a597164052c","timestamp":"2026-02-28T10:30:33.451Z"}
{"level":"info","message":"Successfully fetched details for order #ORD-308192 by user 696c9df0edd52a597164052c","timestamp":"2026-02-28T10:30:33.531Z"}
{"level":"info","message":"Request received: Get details for order #ORD-308192 by user 696c9df0edd52a597164052c","timestamp":"2026-02-28T10:30:39.968Z"}
{"level":"info","message":"Successfully fetched details for order #ORD-308192 by user 696c9df0edd52a597164052c","timestamp":"2026-02-28T10:30:40.061Z"}
{"level":"info","message":"Request received: Get details for order #ORD-308192 by user 696c9df0edd52a597164052c","timestamp":"2026-02-28T10:30:55.830Z"}
{"level":"info","message":"Successfully fetched details for order #ORD-308192 by user 696c9df0edd52a597164052c","timestamp":"2026-02-28T10:30:55.901Z"}
{"level":"info","message":"Request received: Get details for order #ORD-308192 by user 696c9df0edd52a597164052c","timestamp":"2026-02-28T10:30:56.645Z"}
{"level":"info","message":"Successfully fetched details for order #ORD-308192 by user 696c9df0edd52a597164052c","timestamp":"2026-02-28T10:30:56.733Z"}
{"level":"info","message":"Request received: Get details for order #ORD-308192 by user 696c9df0edd52a597164052c","timestamp":"2026-02-28T10:30:59.399Z"}
{"level":"info","message":"Successfully fetched details for order #ORD-308192 by user 696c9df0edd52a597164052c","timestamp":"2026-02-28T10:30:59.488Z"}
{"level":"error","message":"jwt expired","stack":"TokenExpiredError: jwt expired\n    at C:\\Users\\aswat\\OneDrive\\Documents\\BinIt Project\\binit-project\\backend\\node_modules\\jsonwebtoken\\verify.js:190:21\n    at getSecret (C:\\Users\\aswat\\OneDrive\\Documents\\BinIt Project\\binit-project\\backend\\node_modules\\jsonwebtoken\\verify.js:97:14)\n    at module.exports [as verify] (C:\\Users\\aswat\\OneDrive\\Documents\\BinIt Project\\binit-project\\backend\\node_modules\\jsonwebtoken\\verify.js:101:10)\n    at verifyAccessToken (file:///C:/Users/aswat/OneDrive/Documents/BinIt%20Project/binit-project/backend/src/utils/jwt.js:55:16)\n    at authenticateUser (file:///C:/Users/aswat/OneDrive/Documents/BinIt%20Project/binit-project/backend/src/middlewares/user/authenticate-user.js:16:24)\n    at Layer.handleRequest (C:\\Users\\aswat\\OneDrive\\Documents\\BinIt Project\\binit-project\\backend\\node_modules\\router\\lib\\layer.js:152:17)\n    at trimPrefix (C:\\Users\\aswat\\OneDrive\\Documents\\BinIt Project\\binit-project\\backend\\node_modules\\router\\index.js:342:13)\n    at C:\\Users\\aswat\\OneDrive\\Documents\\BinIt Project\\binit-project\\backend\\node_modules\\router\\index.js:297:9\n    at processParams (C:\\Users\\aswat\\OneDrive\\Documents\\BinIt Project\\binit-project\\backend\\node_modules\\router\\index.js:582:12)\n    at next (C:\\Users\\aswat\\OneDrive\\Documents\\BinIt Project\\binit-project\\backend\\node_modules\\router\\index.js:291:5)","timestamp":"2026-02-28T10:32:33.133Z"}
{"level":"info","message":"Request received: Get details for order #ORD-308192 by user 696c9df0edd52a597164052c","timestamp":"2026-02-28T10:32:33.832Z"}
{"level":"info","message":"Successfully fetched details for order #ORD-308192 by user 696c9df0edd52a597164052c","timestamp":"2026-02-28T10:32:33.907Z"}
{"level":"info","message":"Request received: Get details for order #ORD-308192 by user 696c9df0edd52a597164052c","timestamp":"2026-02-28T10:33:05.849Z"}
{"level":"info","message":"Successfully fetched details for order #ORD-308192 by user 696c9df0edd52a597164052c","timestamp":"2026-02-28T10:33:05.919Z"}
{"level":"info","message":"Request received: Get details for order #ORD-308192 by user 696c9df0edd52a597164052c","timestamp":"2026-02-28T10:33:06.847Z"}
{"level":"info","message":"Successfully fetched details for order #ORD-308192 by user 696c9df0edd52a597164052c","timestamp":"2026-02-28T10:33:06.918Z"}
{"level":"info","message":"Request received: Get details for order #ORD-308192 by user 696c9df0edd52a597164052c","timestamp":"2026-02-28T10:33:07.859Z"}
{"level":"info","message":"Successfully fetched details for order #ORD-308192 by user 696c9df0edd52a597164052c","timestamp":"2026-02-28T10:33:07.928Z"}
{"level":"info","message":"Request received: Get details for order #ORD-308192 by user 696c9df0edd52a597164052c","timestamp":"2026-02-28T10:33:11.882Z"}
{"level":"info","message":"Successfully fetched details for order #ORD-308192 by user 696c9df0edd52a597164052c","timestamp":"2026-02-28T10:33:11.958Z"}
{"level":"info","message":"Request received: Get details for order #ORD-308192 by user 696c9df0edd52a597164052c","timestamp":"2026-02-28T10:33:14.319Z"}
{"level":"info","message":"Successfully fetched details for order #ORD-308192 by user 696c9df0edd52a597164052c","timestamp":"2026-02-28T10:33:14.387Z"}
{"level":"info","message":"Request received: Get details for order #ORD-308192 by user 696c9df0edd52a597164052c","timestamp":"2026-02-28T10:33:27.851Z"}
{"level":"info","message":"Successfully fetched details for order #ORD-308192 by user 696c9df0edd52a597164052c","timestamp":"2026-02-28T10:33:27.946Z"}
{"level":"info","message":"Request received: Get details for order #ORD-308192 by user 696c9df0edd52a597164052c","timestamp":"2026-02-28T10:33:32.496Z"}
{"level":"info","message":"Successfully fetched details for order #ORD-308192 by user 696c9df0edd52a597164052c","timestamp":"2026-02-28T10:33:32.576Z"}
{"level":"info","message":"Request received: Get details for order #ORD-308192 by user 696c9df0edd52a597164052c","timestamp":"2026-02-28T10:33:36.484Z"}
{"level":"info","message":"Successfully fetched details for order #ORD-308192 by user 696c9df0edd52a597164052c","timestamp":"2026-02-28T10:33:36.579Z"}
{"level":"info","message":"Request received: Get details for order #ORD-308192 by user 696c9df0edd52a597164052c","timestamp":"2026-02-28T10:33:48.872Z"}
{"level":"info","message":"Successfully fetched details for order #ORD-308192 by user 696c9df0edd52a597164052c","timestamp":"2026-02-28T10:33:48.950Z"}
{"level":"info","message":"Request received: Get details for order #ORD-308192 by user 696c9df0edd52a597164052c","timestamp":"2026-02-28T10:33:52.708Z"}
{"level":"info","message":"Successfully fetched details for order #ORD-308192 by user 696c9df0edd52a597164052c","timestamp":"2026-02-28T10:33:53.025Z"}
{"level":"info","message":"Request received: Get details for order #ORD-308192 by user 696c9df0edd52a597164052c","timestamp":"2026-02-28T10:33:55.640Z"}
{"level":"info","message":"Successfully fetched details for order #ORD-308192 by user 696c9df0edd52a597164052c","timestamp":"2026-02-28T10:33:55.745Z"}
{"level":"info","message":"Request received: Get orders for user 696c9df0edd52a597164052c","timestamp":"2026-02-28T10:33:59.516Z"}
{"level":"info","message":"Fetched 24 orders for user 696c9df0edd52a597164052c","timestamp":"2026-02-28T10:33:59.923Z"}
{"level":"info","message":"Request received: Get details for order #ORD-656480 by user 696c9df0edd52a597164052c","timestamp":"2026-02-28T10:34:06.520Z"}
{"level":"info","message":"Successfully fetched details for order #ORD-656480 by user 696c9df0edd52a597164052c","timestamp":"2026-02-28T10:34:06.615Z"}
{"level":"info","message":"Request received: Get orders for user 696c9df0edd52a597164052c","timestamp":"2026-02-28T10:34:14.141Z"}
{"level":"info","message":"Fetched 24 orders for user 696c9df0edd52a597164052c","timestamp":"2026-02-28T10:34:14.267Z"}
{"level":"info","message":"Request received: Get details for order #ORD-938074 by user 696c9df0edd52a597164052c","timestamp":"2026-02-28T10:34:16.764Z"}
{"level":"info","message":"Successfully fetched details for order #ORD-938074 by user 696c9df0edd52a597164052c","timestamp":"2026-02-28T10:34:16.847Z"}
{"level":"info","message":"Request received: Get orders for user 696c9df0edd52a597164052c","timestamp":"2026-02-28T10:34:23.248Z"}
{"level":"info","message":"Fetched 24 orders for user 696c9df0edd52a597164052c","timestamp":"2026-02-28T10:34:23.438Z"}
{"level":"info","message":"Request received: Get details for order #ORD-938074 by user 696c9df0edd52a597164052c","timestamp":"2026-02-28T10:34:29.438Z"}
{"level":"info","message":"Successfully fetched details for order #ORD-938074 by user 696c9df0edd52a597164052c","timestamp":"2026-02-28T10:34:29.514Z"}
{"level":"info","message":"Request received: Get orders for user 696c9df0edd52a597164052c","timestamp":"2026-02-28T10:34:34.975Z"}
{"level":"info","message":"Fetched 24 orders for user 696c9df0edd52a597164052c","timestamp":"2026-02-28T10:34:35.111Z"}
{"level":"info","message":"Request received: Get details for order #ORD-938074 by user 696c9df0edd52a597164052c","timestamp":"2026-02-28T10:34:38.508Z"}
{"level":"info","message":"Successfully fetched details for order #ORD-938074 by user 696c9df0edd52a597164052c","timestamp":"2026-02-28T10:34:38.694Z"}
{"level":"info","message":"Request received: Get details for order #ORD-938074 by user 696c9df0edd52a597164052c","timestamp":"2026-02-28T10:35:10.425Z"}
{"level":"info","message":"Successfully fetched details for order #ORD-938074 by user 696c9df0edd52a597164052c","timestamp":"2026-02-28T10:35:10.497Z"}
{"level":"info","message":"Request received: Get details for order #ORD-938074 by user 696c9df0edd52a597164052c","timestamp":"2026-02-28T10:35:22.589Z"}
{"level":"info","message":"Successfully fetched details for order #ORD-938074 by user 696c9df0edd52a597164052c","timestamp":"2026-02-28T10:35:22.805Z"}
{"level":"info","message":"Request received: Get details for order #ORD-938074 by user 696c9df0edd52a597164052c","timestamp":"2026-02-28T10:35:35.375Z"}
{"level":"info","message":"Successfully fetched details for order #ORD-938074 by user 696c9df0edd52a597164052c","timestamp":"2026-02-28T10:35:35.467Z"}
{"level":"info","message":"Request received: Get details for order #ORD-938074 by user 696c9df0edd52a597164052c","timestamp":"2026-02-28T10:35:36.865Z"}
{"level":"info","message":"Successfully fetched details for order #ORD-938074 by user 696c9df0edd52a597164052c","timestamp":"2026-02-28T10:35:36.966Z"}
{"level":"info","message":"Request received: Get details for order #ORD-938074 by user 696c9df0edd52a597164052c","timestamp":"2026-02-28T10:35:40.108Z"}
{"level":"info","message":"Successfully fetched details for order #ORD-938074 by user 696c9df0edd52a597164052c","timestamp":"2026-02-28T10:35:40.195Z"}
{"level":"error","message":"Admin access required.","stack":"Error: Admin access required.\n    at verifyAdminToken (file:///C:/Users/aswat/OneDrive/Documents/BinIt%20Project/binit-project/backend/src/middlewares/admin/authenticate-admin.js:12:11)\n    at Layer.handleRequest (C:\\Users\\aswat\\OneDrive\\Documents\\BinIt Project\\binit-project\\backend\\node_modules\\router\\lib\\layer.js:152:17)\n    at trimPrefix (C:\\Users\\aswat\\OneDrive\\Documents\\BinIt Project\\binit-project\\backend\\node_modules\\router\\index.js:342:13)\n    at C:\\Users\\aswat\\OneDrive\\Documents\\BinIt Project\\binit-project\\backend\\node_modules\\router\\index.js:297:9\n    at processParams (C:\\Users\\aswat\\OneDrive\\Documents\\BinIt Project\\binit-project\\backend\\node_modules\\router\\index.js:582:12)\n    at next (C:\\Users\\aswat\\OneDrive\\Documents\\BinIt Project\\binit-project\\backend\\node_modules\\router\\index.js:291:5)\n    at Function.handle (C:\\Users\\aswat\\OneDrive\\Documents\\BinIt Project\\binit-project\\backend\\node_modules\\router\\index.js:186:3)\n    at router (C:\\Users\\aswat\\OneDrive\\Documents\\BinIt Project\\binit-project\\backend\\node_modules\\router\\index.js:60:12)\n    at Layer.handleRequest (C:\\Users\\aswat\\OneDrive\\Documents\\BinIt Project\\binit-project\\backend\\node_modules\\router\\lib\\layer.js:152:17)\n    at trimPrefix (C:\\Users\\aswat\\OneDrive\\Documents\\BinIt Project\\binit-project\\backend\\node_modules\\router\\index.js:342:13)","timestamp":"2026-02-28T10:35:41.805Z"}
{"level":"info","message":"Request received: Get details for order #ORD-938074 by user 696c9df0edd52a597164052c","timestamp":"2026-02-28T10:35:42.358Z"}
{"level":"info","message":"Successfully fetched details for order #ORD-938074 by user 696c9df0edd52a597164052c","timestamp":"2026-02-28T10:35:42.479Z"}
{"level":"info","message":"Request received: Get details for order #ORD-938074 by user 696c9df0edd52a597164052c","timestamp":"2026-02-28T10:35:46.071Z"}
{"level":"info","message":"Successfully fetched details for order #ORD-938074 by user 696c9df0edd52a597164052c","timestamp":"2026-02-28T10:35:46.155Z"}
{"level":"info","message":"Request received: Get details for order #ORD-938074 by user 696c9df0edd52a597164052c","timestamp":"2026-02-28T10:36:19.097Z"}
{"level":"info","message":"Successfully fetched details for order #ORD-938074 by user 696c9df0edd52a597164052c","timestamp":"2026-02-28T10:36:19.187Z"}
{"level":"info","message":"Request received: Get orders for user 696c9df0edd52a597164052c","timestamp":"2026-02-28T10:36:28.579Z"}
{"level":"info","message":"Fetched 24 orders for user 696c9df0edd52a597164052c","timestamp":"2026-02-28T10:36:28.711Z"}
{"level":"info","message":"Request received: Get details for order #ORD-938074 by user 696c9df0edd52a597164052c","timestamp":"2026-02-28T10:36:34.566Z"}
{"level":"info","message":"Successfully fetched details for order #ORD-938074 by user 696c9df0edd52a597164052c","timestamp":"2026-02-28T10:36:34.656Z"}
{"level":"info","message":"Request received: Get details for order #ORD-938074 by user 696c9df0edd52a597164052c","timestamp":"2026-02-28T10:36:43.344Z"}
{"level":"info","message":"Successfully fetched details for order #ORD-938074 by user 696c9df0edd52a597164052c","timestamp":"2026-02-28T10:36:43.420Z"}
{"level":"info","message":"Request received: Get details for order #ORD-938074 by user 696c9df0edd52a597164052c","timestamp":"2026-02-28T10:36:46.366Z"}
{"level":"info","message":"Successfully fetched details for order #ORD-938074 by user 696c9df0edd52a597164052c","timestamp":"2026-02-28T10:36:46.448Z"}
{"level":"info","message":"Request received: Get details for order #ORD-938074 by user 696c9df0edd52a597164052c","timestamp":"2026-02-28T10:36:51.261Z"}
{"level":"info","message":"Successfully fetched details for order #ORD-938074 by user 696c9df0edd52a597164052c","timestamp":"2026-02-28T10:36:51.349Z"}
{"level":"info","message":"Request received: Get details for order #ORD-938074 by user 696c9df0edd52a597164052c","timestamp":"2026-02-28T10:36:58.313Z"}
{"level":"info","message":"Successfully fetched details for order #ORD-938074 by user 696c9df0edd52a597164052c","timestamp":"2026-02-28T10:36:58.393Z"}
{"level":"info","message":"Request received: Get details for order #ORD-938074 by user 696c9df0edd52a597164052c","timestamp":"2026-02-28T10:37:11.693Z"}
{"level":"info","message":"Successfully fetched details for order #ORD-938074 by user 696c9df0edd52a597164052c","timestamp":"2026-02-28T10:37:11.767Z"}
{"level":"info","message":"Request received: Get details for order #ORD-938074 by user 696c9df0edd52a597164052c","timestamp":"2026-02-28T10:37:18.387Z"}
{"level":"info","message":"Successfully fetched details for order #ORD-938074 by user 696c9df0edd52a597164052c","timestamp":"2026-02-28T10:37:18.460Z"}
{"level":"info","message":"Request received: Get details for order #ORD-938074 by user 696c9df0edd52a597164052c","timestamp":"2026-02-28T10:37:25.338Z"}
{"level":"info","message":"Successfully fetched details for order #ORD-938074 by user 696c9df0edd52a597164052c","timestamp":"2026-02-28T10:37:25.443Z"}
{"level":"info","message":"Request received: Get details for order #ORD-938074 by user 696c9df0edd52a597164052c","timestamp":"2026-02-28T10:37:28.574Z"}
{"level":"info","message":"Successfully fetched details for order #ORD-938074 by user 696c9df0edd52a597164052c","timestamp":"2026-02-28T10:37:28.663Z"}
{"level":"info","message":"Request received: Get details for order #ORD-938074 by user 696c9df0edd52a597164052c","timestamp":"2026-02-28T10:37:36.854Z"}
{"level":"info","message":"Successfully fetched details for order #ORD-938074 by user 696c9df0edd52a597164052c","timestamp":"2026-02-28T10:37:36.922Z"}
{"level":"info","message":"Request received: Get details for order #ORD-938074 by user 696c9df0edd52a597164052c","timestamp":"2026-02-28T10:37:41.866Z"}
{"level":"info","message":"Successfully fetched details for order #ORD-938074 by user 696c9df0edd52a597164052c","timestamp":"2026-02-28T10:37:41.934Z"}
{"level":"info","message":"Request received: Get details for order #ORD-938074 by user 696c9df0edd52a597164052c","timestamp":"2026-02-28T10:37:42.956Z"}
{"level":"info","message":"Successfully fetched details for order #ORD-938074 by user 696c9df0edd52a597164052c","timestamp":"2026-02-28T10:37:43.062Z"}
{"level":"info","message":"Request received: Get details for order #ORD-938074 by user 696c9df0edd52a597164052c","timestamp":"2026-02-28T10:37:52.803Z"}
{"level":"info","message":"Successfully fetched details for order #ORD-938074 by user 696c9df0edd52a597164052c","timestamp":"2026-02-28T10:37:52.901Z"}
{"level":"info","message":"Request received: Get details for order #ORD-938074 by user 696c9df0edd52a597164052c","timestamp":"2026-02-28T10:37:59.596Z"}
{"level":"info","message":"Successfully fetched details for order #ORD-938074 by user 696c9df0edd52a597164052c","timestamp":"2026-02-28T10:37:59.666Z"}
{"level":"info","message":"Request received: Get details for order #ORD-938074 by user 696c9df0edd52a597164052c","timestamp":"2026-02-28T10:38:04.973Z"}
{"level":"info","message":"Successfully fetched details for order #ORD-938074 by user 696c9df0edd52a597164052c","timestamp":"2026-02-28T10:38:05.054Z"}
{"level":"info","message":"Request received: Get details for order #ORD-938074 by user 696c9df0edd52a597164052c","timestamp":"2026-02-28T10:40:05.989Z"}
{"level":"info","message":"Successfully fetched details for order #ORD-938074 by user 696c9df0edd52a597164052c","timestamp":"2026-02-28T10:40:06.065Z"}
{"level":"info","message":"Request received: Get details for order #ORD-938074 by user 696c9df0edd52a597164052c","timestamp":"2026-02-28T10:40:14.109Z"}
{"level":"info","message":"Successfully fetched details for order #ORD-938074 by user 696c9df0edd52a597164052c","timestamp":"2026-02-28T10:40:14.216Z"}
{"level":"info","message":"Request received: Get details for order #ORD-938074 by user 696c9df0edd52a597164052c","timestamp":"2026-02-28T10:40:17.241Z"}
{"level":"info","message":"Successfully fetched details for order #ORD-938074 by user 696c9df0edd52a597164052c","timestamp":"2026-02-28T10:40:17.336Z"}
{"level":"info","message":"Request received: Get orders for user 696c9df0edd52a597164052c","timestamp":"2026-02-28T10:40:56.298Z"}
{"level":"info","message":"Fetched 24 orders for user 696c9df0edd52a597164052c","timestamp":"2026-02-28T10:40:56.540Z"}
{"level":"info","message":"Request received: Get orders for user 696c9df0edd52a597164052c","timestamp":"2026-02-28T10:40:59.729Z"}
{"level":"info","message":"Fetched 24 orders for user 696c9df0edd52a597164052c","timestamp":"2026-02-28T10:40:59.843Z"}
{"level":"info","message":"Request received: Get details for order #ORD-938074 by user 696c9df0edd52a597164052c","timestamp":"2026-02-28T10:41:04.951Z"}
{"level":"info","message":"Successfully fetched details for order #ORD-938074 by user 696c9df0edd52a597164052c","timestamp":"2026-02-28T10:41:05.096Z"}
{"level":"info","message":"Admin request received: Get details for order 69a2753eb978f927bd3f6d05","timestamp":"2026-02-28T10:41:48.073Z"}
{"level":"info","message":"Successfully fetched details for order 69a2753eb978f927bd3f6d05 by Admin","timestamp":"2026-02-28T10:41:48.166Z"}
{"level":"info","message":"Fetched admin orders successfully. Page: 1","timestamp":"2026-02-28T10:41:52.245Z"}
{"level":"info","message":"Fetched admin orders successfully. Page: 1","timestamp":"2026-02-28T10:41:55.892Z"}
{"level":"info","message":"Fetched admin orders successfully. Page: 1","timestamp":"2026-02-28T10:41:56.596Z"}
{"level":"info","message":"Admin request received: Get details for order 69a26f0a61818a4a27df0050","timestamp":"2026-02-28T10:41:58.625Z"}
{"level":"info","message":"Successfully fetched details for order 69a26f0a61818a4a27df0050 by Admin","timestamp":"2026-02-28T10:41:58.713Z"}
{"level":"info","message":"Fetched admin orders successfully. Page: 1","timestamp":"2026-02-28T10:42:05.476Z"}
{"level":"info","message":"Fetched admin orders successfully. Page: 1","timestamp":"2026-02-28T10:42:10.072Z"}
{"level":"info","message":"Fetched admin orders successfully. Page: 1","timestamp":"2026-02-28T10:42:11.123Z"}
{"level":"info","message":"Admin request received: Get details for order 69a26f0a61818a4a27df0050","timestamp":"2026-02-28T10:42:12.524Z"}
{"level":"info","message":"Successfully fetched details for order 69a26f0a61818a4a27df0050 by Admin","timestamp":"2026-02-28T10:42:12.663Z"}
{"level":"info","message":"Admin request received: Get details for order 69a26f0a61818a4a27df0050","timestamp":"2026-02-28T10:42:31.675Z"}
{"level":"info","message":"Successfully fetched details for order 69a26f0a61818a4a27df0050 by Admin","timestamp":"2026-02-28T10:42:31.761Z"}
{"level":"error","message":"Admin access required.","stack":"Error: Admin access required.\n    at verifyAdminToken (file:///C:/Users/aswat/OneDrive/Documents/BinIt%20Project/binit-project/backend/src/middlewares/admin/authenticate-admin.js:12:11)\n    at Layer.handleRequest (C:\\Users\\aswat\\OneDrive\\Documents\\BinIt Project\\binit-project\\backend\\node_modules\\router\\lib\\layer.js:152:17)\n    at trimPrefix (C:\\Users\\aswat\\OneDrive\\Documents\\BinIt Project\\binit-project\\backend\\node_modules\\router\\index.js:342:13)\n    at C:\\Users\\aswat\\OneDrive\\Documents\\BinIt Project\\binit-project\\backend\\node_modules\\router\\index.js:297:9\n    at processParams (C:\\Users\\aswat\\OneDrive\\Documents\\BinIt Project\\binit-project\\backend\\node_modules\\router\\index.js:582:12)\n    at next (C:\\Users\\aswat\\OneDrive\\Documents\\BinIt Project\\binit-project\\backend\\node_modules\\router\\index.js:291:5)\n    at Function.handle (C:\\Users\\aswat\\OneDrive\\Documents\\BinIt Project\\binit-project\\backend\\node_modules\\router\\index.js:186:3)\n    at router (C:\\Users\\aswat\\OneDrive\\Documents\\BinIt Project\\binit-project\\backend\\node_modules\\router\\index.js:60:12)\n    at Layer.handleRequest (C:\\Users\\aswat\\OneDrive\\Documents\\BinIt Project\\binit-project\\backend\\node_modules\\router\\lib\\layer.js:152:17)\n    at trimPrefix (C:\\Users\\aswat\\OneDrive\\Documents\\BinIt Project\\binit-project\\backend\\node_modules\\router\\index.js:342:13)","timestamp":"2026-02-28T11:00:11.361Z"}
{"level":"error","message":"jwt expired","stack":"TokenExpiredError: jwt expired\n    at C:\\Users\\aswat\\OneDrive\\Documents\\BinIt Project\\binit-project\\backend\\node_modules\\jsonwebtoken\\verify.js:190:21\n    at getSecret (C:\\Users\\aswat\\OneDrive\\Documents\\BinIt Project\\binit-project\\backend\\node_modules\\jsonwebtoken\\verify.js:97:14)\n    at module.exports [as verify] (C:\\Users\\aswat\\OneDrive\\Documents\\BinIt Project\\binit-project\\backend\\node_modules\\jsonwebtoken\\verify.js:101:10)\n    at verifyAccessToken (file:///C:/Users/aswat/OneDrive/Documents/BinIt%20Project/binit-project/backend/src/utils/jwt.js:55:16)\n    at authenticateUser (file:///C:/Users/aswat/OneDrive/Documents/BinIt%20Project/binit-project/backend/src/middlewares/user/authenticate-user.js:16:24)\n    at Layer.handleRequest (C:\\Users\\aswat\\OneDrive\\Documents\\BinIt Project\\binit-project\\backend\\node_modules\\router\\lib\\layer.js:152:17)\n    at trimPrefix (C:\\Users\\aswat\\OneDrive\\Documents\\BinIt Project\\binit-project\\backend\\node_modules\\router\\index.js:342:13)\n    at C:\\Users\\aswat\\OneDrive\\Documents\\BinIt Project\\binit-project\\backend\\node_modules\\router\\index.js:297:9\n    at processParams (C:\\Users\\aswat\\OneDrive\\Documents\\BinIt Project\\binit-project\\backend\\node_modules\\router\\index.js:582:12)\n    at next (C:\\Users\\aswat\\OneDrive\\Documents\\BinIt Project\\binit-project\\backend\\node_modules\\router\\index.js:291:5)","timestamp":"2026-02-28T11:00:13.710Z"}
{"level":"error","message":"Admin access required.","stack":"Error: Admin access required.\n    at verifyAdminToken (file:///C:/Users/aswat/OneDrive/Documents/BinIt%20Project/binit-project/backend/src/middlewares/admin/authenticate-admin.js:12:11)\n    at Layer.handleRequest (C:\\Users\\aswat\\OneDrive\\Documents\\BinIt Project\\binit-project\\backend\\node_modules\\router\\lib\\layer.js:152:17)\n    at trimPrefix (C:\\Users\\aswat\\OneDrive\\Documents\\BinIt Project\\binit-project\\backend\\node_modules\\router\\index.js:342:13)\n    at C:\\Users\\aswat\\OneDrive\\Documents\\BinIt Project\\binit-project\\backend\\node_modules\\router\\index.js:297:9\n    at processParams (C:\\Users\\aswat\\OneDrive\\Documents\\BinIt Project\\binit-project\\backend\\node_modules\\router\\index.js:582:12)\n    at next (C:\\Users\\aswat\\OneDrive\\Documents\\BinIt Project\\binit-project\\backend\\node_modules\\router\\index.js:291:5)\n    at Function.handle (C:\\Users\\aswat\\OneDrive\\Documents\\BinIt Project\\binit-project\\backend\\node_modules\\router\\index.js:186:3)\n    at router (C:\\Users\\aswat\\OneDrive\\Documents\\BinIt Project\\binit-project\\backend\\node_modules\\router\\index.js:60:12)\n    at Layer.handleRequest (C:\\Users\\aswat\\OneDrive\\Documents\\BinIt Project\\binit-project\\backend\\node_modules\\router\\lib\\layer.js:152:17)\n    at trimPrefix (C:\\Users\\aswat\\OneDrive\\Documents\\BinIt Project\\binit-project\\backend\\node_modules\\router\\index.js:342:13)","timestamp":"2026-02-28T11:00:13.723Z"}
{"level":"error","message":"Admin access required.","stack":"Error: Admin access required.\n    at verifyAdminToken (file:///C:/Users/aswat/OneDrive/Documents/BinIt%20Project/binit-project/backend/src/middlewares/admin/authenticate-admin.js:12:11)\n    at Layer.handleRequest (C:\\Users\\aswat\\OneDrive\\Documents\\BinIt Project\\binit-project\\backend\\node_modules\\router\\lib\\layer.js:152:17)\n    at trimPrefix (C:\\Users\\aswat\\OneDrive\\Documents\\BinIt Project\\binit-project\\backend\\node_modules\\router\\index.js:342:13)\n    at C:\\Users\\aswat\\OneDrive\\Documents\\BinIt Project\\binit-project\\backend\\node_modules\\router\\index.js:297:9\n    at processParams (C:\\Users\\aswat\\OneDrive\\Documents\\BinIt Project\\binit-project\\backend\\node_modules\\router\\index.js:582:12)\n    at next (C:\\Users\\aswat\\OneDrive\\Documents\\BinIt Project\\binit-project\\backend\\node_modules\\router\\index.js:291:5)\n    at Function.handle (C:\\Users\\aswat\\OneDrive\\Documents\\BinIt Project\\binit-project\\backend\\node_modules\\router\\index.js:186:3)\n    at router (C:\\Users\\aswat\\OneDrive\\Documents\\BinIt Project\\binit-project\\backend\\node_modules\\router\\index.js:60:12)\n    at Layer.handleRequest (C:\\Users\\aswat\\OneDrive\\Documents\\BinIt Project\\binit-project\\backend\\node_modules\\router\\lib\\layer.js:152:17)\n    at trimPrefix (C:\\Users\\aswat\\OneDrive\\Documents\\BinIt Project\\binit-project\\backend\\node_modules\\router\\index.js:342:13)","timestamp":"2026-02-28T11:00:14.025Z"}
{"level":"info","message":"Admin request received: Get details for order 69a26f0a61818a4a27df0050","timestamp":"2026-02-28T11:00:15.023Z"}
{"level":"info","message":"Successfully fetched details for order 69a26f0a61818a4a27df0050 by Admin","timestamp":"2026-02-28T11:00:15.268Z"}
{"level":"info","message":"Request received: Get details for order #ORD-938074 by user 696c9df0edd52a597164052c","timestamp":"2026-02-28T11:00:15.803Z"}
{"level":"info","message":"Successfully fetched details for order #ORD-938074 by user 696c9df0edd52a597164052c","timestamp":"2026-02-28T11:00:15.893Z"}
{"level":"error","message":"jwt expired","stack":"TokenExpiredError: jwt expired\n    at C:\\Users\\aswat\\OneDrive\\Documents\\BinIt Project\\binit-project\\backend\\node_modules\\jsonwebtoken\\verify.js:190:21\n    at getSecret (C:\\Users\\aswat\\OneDrive\\Documents\\BinIt Project\\binit-project\\backend\\node_modules\\jsonwebtoken\\verify.js:97:14)\n    at module.exports [as verify] (C:\\Users\\aswat\\OneDrive\\Documents\\BinIt Project\\binit-project\\backend\\node_modules\\jsonwebtoken\\verify.js:101:10)\n    at verifyAccessToken (file:///C:/Users/aswat/OneDrive/Documents/BinIt%20Project/binit-project/backend/src/utils/jwt.js:55:16)\n    at authenticateUser (file:///C:/Users/aswat/OneDrive/Documents/BinIt%20Project/binit-project/backend/src/middlewares/user/authenticate-user.js:16:24)\n    at Layer.handleRequest (C:\\Users\\aswat\\OneDrive\\Documents\\BinIt Project\\binit-project\\backend\\node_modules\\router\\lib\\layer.js:152:17)\n    at trimPrefix (C:\\Users\\aswat\\OneDrive\\Documents\\BinIt Project\\binit-project\\backend\\node_modules\\router\\index.js:342:13)\n    at C:\\Users\\aswat\\OneDrive\\Documents\\BinIt Project\\binit-project\\backend\\node_modules\\router\\index.js:297:9\n    at processParams (C:\\Users\\aswat\\OneDrive\\Documents\\BinIt Project\\binit-project\\backend\\node_modules\\router\\index.js:582:12)\n    at next (C:\\Users\\aswat\\OneDrive\\Documents\\BinIt Project\\binit-project\\backend\\node_modules\\router\\index.js:291:5)","timestamp":"2026-02-28T12:41:42.950Z"}
{"level":"error","message":"Admin access required.","stack":"Error: Admin access required.\n    at verifyAdminToken (file:///C:/Users/aswat/OneDrive/Documents/BinIt%20Project/binit-project/backend/src/middlewares/admin/authenticate-admin.js:12:11)\n    at Layer.handleRequest (C:\\Users\\aswat\\OneDrive\\Documents\\BinIt Project\\binit-project\\backend\\node_modules\\router\\lib\\layer.js:152:17)\n    at trimPrefix (C:\\Users\\aswat\\OneDrive\\Documents\\BinIt Project\\binit-project\\backend\\node_modules\\router\\index.js:342:13)\n    at C:\\Users\\aswat\\OneDrive\\Documents\\BinIt Project\\binit-project\\backend\\node_modules\\router\\index.js:297:9\n    at processParams (C:\\Users\\aswat\\OneDrive\\Documents\\BinIt Project\\binit-project\\backend\\node_modules\\router\\index.js:582:12)\n    at next (C:\\Users\\aswat\\OneDrive\\Documents\\BinIt Project\\binit-project\\backend\\node_modules\\router\\index.js:291:5)\n    at Function.handle (C:\\Users\\aswat\\OneDrive\\Documents\\BinIt Project\\binit-project\\backend\\node_modules\\router\\index.js:186:3)\n    at router (C:\\Users\\aswat\\OneDrive\\Documents\\BinIt Project\\binit-project\\backend\\node_modules\\router\\index.js:60:12)\n    at Layer.handleRequest (C:\\Users\\aswat\\OneDrive\\Documents\\BinIt Project\\binit-project\\backend\\node_modules\\router\\lib\\layer.js:152:17)\n    at trimPrefix (C:\\Users\\aswat\\OneDrive\\Documents\\BinIt Project\\binit-project\\backend\\node_modules\\router\\index.js:342:13)","timestamp":"2026-02-28T12:41:43.017Z"}
{"level":"info","message":"Request received: Get details for order #ORD-938074 by user 696c9df0edd52a597164052c","timestamp":"2026-02-28T12:41:46.827Z"}
{"level":"info","message":"Successfully fetched details for order #ORD-938074 by user 696c9df0edd52a597164052c","timestamp":"2026-02-28T12:41:47.004Z"}
{"level":"info","message":"Admin request received: Get details for order 69a26f0a61818a4a27df0050","timestamp":"2026-02-28T12:41:52.303Z"}
{"level":"info","message":"Successfully fetched details for order 69a26f0a61818a4a27df0050 by Admin","timestamp":"2026-02-28T12:41:52.392Z"}
{"level":"error","message":"getaddrinfo ENOTFOUND ac-lkmr6va-shard-00-01.xmtjk27.mongodb.net","stack":"MongoServerSelectionError: getaddrinfo ENOTFOUND ac-lkmr6va-shard-00-01.xmtjk27.mongodb.net\n    at Topology.selectServer (C:\\Users\\aswat\\OneDrive\\Documents\\BinIt Project\\binit-project\\backend\\node_modules\\mongodb\\lib\\sdam\\topology.js:346:38)\n    at runNextTicks (node:internal/process/task_queues:65:5)\n    at listOnTimeout (node:internal/timers:549:9)\n    at process.processTimers (node:internal/timers:523:7)\n    at async tryOperation (C:\\Users\\aswat\\OneDrive\\Documents\\BinIt Project\\binit-project\\backend\\node_modules\\mongodb\\lib\\operations\\execute_operation.js:150:18)\n    at async executeOperation (C:\\Users\\aswat\\OneDrive\\Documents\\BinIt Project\\binit-project\\backend\\node_modules\\mongodb\\lib\\operations\\execute_operation.js:80:16)\n    at async FindCursor._initialize (C:\\Users\\aswat\\OneDrive\\Documents\\BinIt Project\\binit-project\\backend\\node_modules\\mongodb\\lib\\cursor\\find_cursor.js:62:26)\n    at async FindCursor.cursorInit (C:\\Users\\aswat\\OneDrive\\Documents\\BinIt Project\\binit-project\\backend\\node_modules\\mongodb\\lib\\cursor\\abstract_cursor.js:620:27)\n    at async FindCursor.fetchBatch (C:\\Users\\aswat\\OneDrive\\Documents\\BinIt Project\\binit-project\\backend\\node_modules\\mongodb\\lib\\cursor\\abstract_cursor.js:654:13)\n    at async FindCursor.next (C:\\Users\\aswat\\OneDrive\\Documents\\BinIt Project\\binit-project\\backend\\node_modules\\mongodb\\lib\\cursor\\abstract_cursor.js:326:17)","timestamp":"2026-02-28T12:54:45.842Z"}
{"level":"error","message":"getaddrinfo ENOTFOUND ac-lkmr6va-shard-00-01.xmtjk27.mongodb.net","stack":"MongoServerSelectionError: getaddrinfo ENOTFOUND ac-lkmr6va-shard-00-01.xmtjk27.mongodb.net\n    at Topology.selectServer (C:\\Users\\aswat\\OneDrive\\Documents\\BinIt Project\\binit-project\\backend\\node_modules\\mongodb\\lib\\sdam\\topology.js:346:38)\n    at runNextTicks (node:internal/process/task_queues:65:5)\n    at process.processTimers (node:internal/timers:520:9)\n    at async tryOperation (C:\\Users\\aswat\\OneDrive\\Documents\\BinIt Project\\binit-project\\backend\\node_modules\\mongodb\\lib\\operations\\execute_operation.js:150:18)\n    at async executeOperation (C:\\Users\\aswat\\OneDrive\\Documents\\BinIt Project\\binit-project\\backend\\node_modules\\mongodb\\lib\\operations\\execute_operation.js:80:16)\n    at async FindCursor._initialize (C:\\Users\\aswat\\OneDrive\\Documents\\BinIt Project\\binit-project\\backend\\node_modules\\mongodb\\lib\\cursor\\find_cursor.js:62:26)\n    at async FindCursor.cursorInit (C:\\Users\\aswat\\OneDrive\\Documents\\BinIt Project\\binit-project\\backend\\node_modules\\mongodb\\lib\\cursor\\abstract_cursor.js:620:27)\n    at async FindCursor.fetchBatch (C:\\Users\\aswat\\OneDrive\\Documents\\BinIt Project\\binit-project\\backend\\node_modules\\mongodb\\lib\\cursor\\abstract_cursor.js:654:13)\n    at async FindCursor.next (C:\\Users\\aswat\\OneDrive\\Documents\\BinIt Project\\binit-project\\backend\\node_modules\\mongodb\\lib\\cursor\\abstract_cursor.js:326:17)\n    at async Collection.findOne (C:\\Users\\aswat\\OneDrive\\Documents\\BinIt Project\\binit-project\\backend\\node_modules\\mongodb\\lib\\collection.js:313:24)","timestamp":"2026-02-28T12:54:45.857Z"}
{"level":"error","message":"jwt expired","stack":"TokenExpiredError: jwt expired\n    at C:\\Users\\aswat\\OneDrive\\Documents\\BinIt Project\\binit-project\\backend\\node_modules\\jsonwebtoken\\verify.js:190:21\n    at getSecret (C:\\Users\\aswat\\OneDrive\\Documents\\BinIt Project\\binit-project\\backend\\node_modules\\jsonwebtoken\\verify.js:97:14)\n    at module.exports [as verify] (C:\\Users\\aswat\\OneDrive\\Documents\\BinIt Project\\binit-project\\backend\\node_modules\\jsonwebtoken\\verify.js:101:10)\n    at verifyAccessToken (file:///C:/Users/aswat/OneDrive/Documents/BinIt%20Project/binit-project/backend/src/utils/jwt.js:55:16)\n    at authenticateUser (file:///C:/Users/aswat/OneDrive/Documents/BinIt%20Project/binit-project/backend/src/middlewares/user/authenticate-user.js:16:24)\n    at Layer.handleRequest (C:\\Users\\aswat\\OneDrive\\Documents\\BinIt Project\\binit-project\\backend\\node_modules\\router\\lib\\layer.js:152:17)\n    at trimPrefix (C:\\Users\\aswat\\OneDrive\\Documents\\BinIt Project\\binit-project\\backend\\node_modules\\router\\index.js:342:13)\n    at C:\\Users\\aswat\\OneDrive\\Documents\\BinIt Project\\binit-project\\backend\\node_modules\\router\\index.js:297:9\n    at processParams (C:\\Users\\aswat\\OneDrive\\Documents\\BinIt Project\\binit-project\\backend\\node_modules\\router\\index.js:582:12)\n    at next (C:\\Users\\aswat\\OneDrive\\Documents\\BinIt Project\\binit-project\\backend\\node_modules\\router\\index.js:291:5)","timestamp":"2026-02-28T13:00:26.738Z"}
{"level":"error","message":"Admin access required.","stack":"Error: Admin access required.\n    at verifyAdminToken (file:///C:/Users/aswat/OneDrive/Documents/BinIt%20Project/binit-project/backend/src/middlewares/admin/authenticate-admin.js:12:11)\n    at Layer.handleRequest (C:\\Users\\aswat\\OneDrive\\Documents\\BinIt Project\\binit-project\\backend\\node_modules\\router\\lib\\layer.js:152:17)\n    at trimPrefix (C:\\Users\\aswat\\OneDrive\\Documents\\BinIt Project\\binit-project\\backend\\node_modules\\router\\index.js:342:13)\n    at C:\\Users\\aswat\\OneDrive\\Documents\\BinIt Project\\binit-project\\backend\\node_modules\\router\\index.js:297:9\n    at processParams (C:\\Users\\aswat\\OneDrive\\Documents\\BinIt Project\\binit-project\\backend\\node_modules\\router\\index.js:582:12)\n    at next (C:\\Users\\aswat\\OneDrive\\Documents\\BinIt Project\\binit-project\\backend\\node_modules\\router\\index.js:291:5)\n    at Function.handle (C:\\Users\\aswat\\OneDrive\\Documents\\BinIt Project\\binit-project\\backend\\node_modules\\router\\index.js:186:3)\n    at router (C:\\Users\\aswat\\OneDrive\\Documents\\BinIt Project\\binit-project\\backend\\node_modules\\router\\index.js:60:12)\n    at Layer.handleRequest (C:\\Users\\aswat\\OneDrive\\Documents\\BinIt Project\\binit-project\\backend\\node_modules\\router\\lib\\layer.js:152:17)\n    at trimPrefix (C:\\Users\\aswat\\OneDrive\\Documents\\BinIt Project\\binit-project\\backend\\node_modules\\router\\index.js:342:13)","timestamp":"2026-02-28T13:00:26.789Z"}
{"level":"error","message":"jwt expired","stack":"TokenExpiredError: jwt expired\n    at C:\\Users\\aswat\\OneDrive\\Documents\\BinIt Project\\binit-project\\backend\\node_modules\\jsonwebtoken\\verify.js:190:21\n    at getSecret (C:\\Users\\aswat\\OneDrive\\Documents\\BinIt Project\\binit-project\\backend\\node_modules\\jsonwebtoken\\verify.js:97:14)\n    at module.exports [as verify] (C:\\Users\\aswat\\OneDrive\\Documents\\BinIt Project\\binit-project\\backend\\node_modules\\jsonwebtoken\\verify.js:101:10)\n    at verifyAccessToken (file:///C:/Users/aswat/OneDrive/Documents/BinIt%20Project/binit-project/backend/src/utils/jwt.js:55:16)\n    at authenticateUser (file:///C:/Users/aswat/OneDrive/Documents/BinIt%20Project/binit-project/backend/src/middlewares/user/authenticate-user.js:16:24)\n    at Layer.handleRequest (C:\\Users\\aswat\\OneDrive\\Documents\\BinIt Project\\binit-project\\backend\\node_modules\\router\\lib\\layer.js:152:17)\n    at trimPrefix (C:\\Users\\aswat\\OneDrive\\Documents\\BinIt Project\\binit-project\\backend\\node_modules\\router\\index.js:342:13)\n    at C:\\Users\\aswat\\OneDrive\\Documents\\BinIt Project\\binit-project\\backend\\node_modules\\router\\index.js:297:9\n    at processParams (C:\\Users\\aswat\\OneDrive\\Documents\\BinIt Project\\binit-project\\backend\\node_modules\\router\\index.js:582:12)\n    at next (C:\\Users\\aswat\\OneDrive\\Documents\\BinIt Project\\binit-project\\backend\\node_modules\\router\\index.js:291:5)","timestamp":"2026-02-28T14:43:45.590Z"}
{"level":"error","message":"Admin access required.","stack":"Error: Admin access required.\n    at verifyAdminToken (file:///C:/Users/aswat/OneDrive/Documents/BinIt%20Project/binit-project/backend/src/middlewares/admin/authenticate-admin.js:12:11)\n    at Layer.handleRequest (C:\\Users\\aswat\\OneDrive\\Documents\\BinIt Project\\binit-project\\backend\\node_modules\\router\\lib\\layer.js:152:17)\n    at trimPrefix (C:\\Users\\aswat\\OneDrive\\Documents\\BinIt Project\\binit-project\\backend\\node_modules\\router\\index.js:342:13)\n    at C:\\Users\\aswat\\OneDrive\\Documents\\BinIt Project\\binit-project\\backend\\node_modules\\router\\index.js:297:9\n    at processParams (C:\\Users\\aswat\\OneDrive\\Documents\\BinIt Project\\binit-project\\backend\\node_modules\\router\\index.js:582:12)\n    at next (C:\\Users\\aswat\\OneDrive\\Documents\\BinIt Project\\binit-project\\backend\\node_modules\\router\\index.js:291:5)\n    at Function.handle (C:\\Users\\aswat\\OneDrive\\Documents\\BinIt Project\\binit-project\\backend\\node_modules\\router\\index.js:186:3)\n    at router (C:\\Users\\aswat\\OneDrive\\Documents\\BinIt Project\\binit-project\\backend\\node_modules\\router\\index.js:60:12)\n    at Layer.handleRequest (C:\\Users\\aswat\\OneDrive\\Documents\\BinIt Project\\binit-project\\backend\\node_modules\\router\\lib\\layer.js:152:17)\n    at trimPrefix (C:\\Users\\aswat\\OneDrive\\Documents\\BinIt Project\\binit-project\\backend\\node_modules\\router\\index.js:342:13)","timestamp":"2026-02-28T14:43:45.616Z"}
{"level":"error","message":"jwt expired","stack":"TokenExpiredError: jwt expired\n    at C:\\Users\\aswat\\OneDrive\\Documents\\BinIt Project\\binit-project\\backend\\node_modules\\jsonwebtoken\\verify.js:190:21\n    at getSecret (C:\\Users\\aswat\\OneDrive\\Documents\\BinIt Project\\binit-project\\backend\\node_modules\\jsonwebtoken\\verify.js:97:14)\n    at module.exports [as verify] (C:\\Users\\aswat\\OneDrive\\Documents\\BinIt Project\\binit-project\\backend\\node_modules\\jsonwebtoken\\verify.js:101:10)\n    at verifyAccessToken (file:///C:/Users/aswat/OneDrive/Documents/BinIt%20Project/binit-project/backend/src/utils/jwt.js:55:16)\n    at authenticateUser (file:///C:/Users/aswat/OneDrive/Documents/BinIt%20Project/binit-project/backend/src/middlewares/user/authenticate-user.js:16:24)\n    at Layer.handleRequest (C:\\Users\\aswat\\OneDrive\\Documents\\BinIt Project\\binit-project\\backend\\node_modules\\router\\lib\\layer.js:152:17)\n    at trimPrefix (C:\\Users\\aswat\\OneDrive\\Documents\\BinIt Project\\binit-project\\backend\\node_modules\\router\\index.js:342:13)\n    at C:\\Users\\aswat\\OneDrive\\Documents\\BinIt Project\\binit-project\\backend\\node_modules\\router\\index.js:297:9\n    at processParams (C:\\Users\\aswat\\OneDrive\\Documents\\BinIt Project\\binit-project\\backend\\node_modules\\router\\index.js:582:12)\n    at next (C:\\Users\\aswat\\OneDrive\\Documents\\BinIt Project\\binit-project\\backend\\node_modules\\router\\index.js:291:5)","timestamp":"2026-02-28T14:43:45.621Z"}
{"level":"error","message":"Admin access required.","stack":"Error: Admin access required.\n    at verifyAdminToken (file:///C:/Users/aswat/OneDrive/Documents/BinIt%20Project/binit-project/backend/src/middlewares/admin/authenticate-admin.js:12:11)\n    at Layer.handleRequest (C:\\Users\\aswat\\OneDrive\\Documents\\BinIt Project\\binit-project\\backend\\node_modules\\router\\lib\\layer.js:152:17)\n    at trimPrefix (C:\\Users\\aswat\\OneDrive\\Documents\\BinIt Project\\binit-project\\backend\\node_modules\\router\\index.js:342:13)\n    at C:\\Users\\aswat\\OneDrive\\Documents\\BinIt Project\\binit-project\\backend\\node_modules\\router\\index.js:297:9\n    at processParams (C:\\Users\\aswat\\OneDrive\\Documents\\BinIt Project\\binit-project\\backend\\node_modules\\router\\index.js:582:12)\n    at next (C:\\Users\\aswat\\OneDrive\\Documents\\BinIt Project\\binit-project\\backend\\node_modules\\router\\index.js:291:5)\n    at Function.handle (C:\\Users\\aswat\\OneDrive\\Documents\\BinIt Project\\binit-project\\backend\\node_modules\\router\\index.js:186:3)\n    at router (C:\\Users\\aswat\\OneDrive\\Documents\\BinIt Project\\binit-project\\backend\\node_modules\\router\\index.js:60:12)\n    at Layer.handleRequest (C:\\Users\\aswat\\OneDrive\\Documents\\BinIt Project\\binit-project\\backend\\node_modules\\router\\lib\\layer.js:152:17)\n    at trimPrefix (C:\\Users\\aswat\\OneDrive\\Documents\\BinIt Project\\binit-project\\backend\\node_modules\\router\\index.js:342:13)","timestamp":"2026-02-28T14:43:45.623Z"}
{"level":"error","message":"jwt expired","stack":"TokenExpiredError: jwt expired\n    at C:\\Users\\aswat\\OneDrive\\Documents\\BinIt Project\\binit-project\\backend\\node_modules\\jsonwebtoken\\verify.js:190:21\n    at getSecret (C:\\Users\\aswat\\OneDrive\\Documents\\BinIt Project\\binit-project\\backend\\node_modules\\jsonwebtoken\\verify.js:97:14)\n    at module.exports [as verify] (C:\\Users\\aswat\\OneDrive\\Documents\\BinIt Project\\binit-project\\backend\\node_modules\\jsonwebtoken\\verify.js:101:10)\n    at verifyAccessToken (file:///C:/Users/aswat/OneDrive/Documents/BinIt%20Project/binit-project/backend/src/utils/jwt.js:55:16)\n    at authenticateUser (file:///C:/Users/aswat/OneDrive/Documents/BinIt%20Project/binit-project/backend/src/middlewares/user/authenticate-user.js:16:24)\n    at Layer.handleRequest (C:\\Users\\aswat\\OneDrive\\Documents\\BinIt Project\\binit-project\\backend\\node_modules\\router\\lib\\layer.js:152:17)\n    at trimPrefix (C:\\Users\\aswat\\OneDrive\\Documents\\BinIt Project\\binit-project\\backend\\node_modules\\router\\index.js:342:13)\n    at C:\\Users\\aswat\\OneDrive\\Documents\\BinIt Project\\binit-project\\backend\\node_modules\\router\\index.js:297:9\n    at processParams (C:\\Users\\aswat\\OneDrive\\Documents\\BinIt Project\\binit-project\\backend\\node_modules\\router\\index.js:582:12)\n    at next (C:\\Users\\aswat\\OneDrive\\Documents\\BinIt Project\\binit-project\\backend\\node_modules\\router\\index.js:291:5)","timestamp":"2026-02-28T15:02:35.628Z"}
{"level":"error","message":"Admin access required.","stack":"Error: Admin access required.\n    at verifyAdminToken (file:///C:/Users/aswat/OneDrive/Documents/BinIt%20Project/binit-project/backend/src/middlewares/admin/authenticate-admin.js:12:11)\n    at Layer.handleRequest (C:\\Users\\aswat\\OneDrive\\Documents\\BinIt Project\\binit-project\\backend\\node_modules\\router\\lib\\layer.js:152:17)\n    at trimPrefix (C:\\Users\\aswat\\OneDrive\\Documents\\BinIt Project\\binit-project\\backend\\node_modules\\router\\index.js:342:13)\n    at C:\\Users\\aswat\\OneDrive\\Documents\\BinIt Project\\binit-project\\backend\\node_modules\\router\\index.js:297:9\n    at processParams (C:\\Users\\aswat\\OneDrive\\Documents\\BinIt Project\\binit-project\\backend\\node_modules\\router\\index.js:582:12)\n    at next (C:\\Users\\aswat\\OneDrive\\Documents\\BinIt Project\\binit-project\\backend\\node_modules\\router\\index.js:291:5)\n    at Function.handle (C:\\Users\\aswat\\OneDrive\\Documents\\BinIt Project\\binit-project\\backend\\node_modules\\router\\index.js:186:3)\n    at router (C:\\Users\\aswat\\OneDrive\\Documents\\BinIt Project\\binit-project\\backend\\node_modules\\router\\index.js:60:12)\n    at Layer.handleRequest (C:\\Users\\aswat\\OneDrive\\Documents\\BinIt Project\\binit-project\\backend\\node_modules\\router\\lib\\layer.js:152:17)\n    at trimPrefix (C:\\Users\\aswat\\OneDrive\\Documents\\BinIt Project\\binit-project\\backend\\node_modules\\router\\index.js:342:13)","timestamp":"2026-02-28T15:02:35.639Z"}
{"level":"error","message":"jwt expired","stack":"TokenExpiredError: jwt expired\n    at C:\\Users\\aswat\\OneDrive\\Documents\\BinIt Project\\binit-project\\backend\\node_modules\\jsonwebtoken\\verify.js:190:21\n    at getSecret (C:\\Users\\aswat\\OneDrive\\Documents\\BinIt Project\\binit-project\\backend\\node_modules\\jsonwebtoken\\verify.js:97:14)\n    at module.exports [as verify] (C:\\Users\\aswat\\OneDrive\\Documents\\BinIt Project\\binit-project\\backend\\node_modules\\jsonwebtoken\\verify.js:101:10)\n    at verifyAccessToken (file:///C:/Users/aswat/OneDrive/Documents/BinIt%20Project/binit-project/backend/src/utils/jwt.js:55:16)\n    at authenticateUser (file:///C:/Users/aswat/OneDrive/Documents/BinIt%20Project/binit-project/backend/src/middlewares/user/authenticate-user.js:16:24)\n    at Layer.handleRequest (C:\\Users\\aswat\\OneDrive\\Documents\\BinIt Project\\binit-project\\backend\\node_modules\\router\\lib\\layer.js:152:17)\n    at trimPrefix (C:\\Users\\aswat\\OneDrive\\Documents\\BinIt Project\\binit-project\\backend\\node_modules\\router\\index.js:342:13)\n    at C:\\Users\\aswat\\OneDrive\\Documents\\BinIt Project\\binit-project\\backend\\node_modules\\router\\index.js:297:9\n    at processParams (C:\\Users\\aswat\\OneDrive\\Documents\\BinIt Project\\binit-project\\backend\\node_modules\\router\\index.js:582:12)\n    at next (C:\\Users\\aswat\\OneDrive\\Documents\\BinIt Project\\binit-project\\backend\\node_modules\\router\\index.js:291:5)","timestamp":"2026-02-28T15:02:35.775Z"}
{"level":"error","message":"Admin access required.","stack":"Error: Admin access required.\n    at verifyAdminToken (file:///C:/Users/aswat/OneDrive/Documents/BinIt%20Project/binit-project/backend/src/middlewares/admin/authenticate-admin.js:12:11)\n    at Layer.handleRequest (C:\\Users\\aswat\\OneDrive\\Documents\\BinIt Project\\binit-project\\backend\\node_modules\\router\\lib\\layer.js:152:17)\n    at trimPrefix (C:\\Users\\aswat\\OneDrive\\Documents\\BinIt Project\\binit-project\\backend\\node_modules\\router\\index.js:342:13)\n    at C:\\Users\\aswat\\OneDrive\\Documents\\BinIt Project\\binit-project\\backend\\node_modules\\router\\index.js:297:9\n    at processParams (C:\\Users\\aswat\\OneDrive\\Documents\\BinIt Project\\binit-project\\backend\\node_modules\\router\\index.js:582:12)\n    at next (C:\\Users\\aswat\\OneDrive\\Documents\\BinIt Project\\binit-project\\backend\\node_modules\\router\\index.js:291:5)\n    at Function.handle (C:\\Users\\aswat\\OneDrive\\Documents\\BinIt Project\\binit-project\\backend\\node_modules\\router\\index.js:186:3)\n    at router (C:\\Users\\aswat\\OneDrive\\Documents\\BinIt Project\\binit-project\\backend\\node_modules\\router\\index.js:60:12)\n    at Layer.handleRequest (C:\\Users\\aswat\\OneDrive\\Documents\\BinIt Project\\binit-project\\backend\\node_modules\\router\\lib\\layer.js:152:17)\n    at trimPrefix (C:\\Users\\aswat\\OneDrive\\Documents\\BinIt Project\\binit-project\\backend\\node_modules\\router\\index.js:342:13)","timestamp":"2026-02-28T15:02:35.777Z"}
{"level":"info","message":"Connected to Redis successfully","timestamp":"2026-03-02T07:49:06.664Z"}
{"level":"info","message":"MongoDB connected successfully","timestamp":"2026-03-02T07:49:08.460Z"}
{"level":"error","message":"Admin access required.","stack":"Error: Admin access required.\n    at verifyAdminToken (file:///C:/Users/aswat/OneDrive/Documents/BinIt%20Project/binit-project/backend/src/middlewares/admin/authenticate-admin.js:12:11)\n    at Layer.handleRequest (C:\\Users\\aswat\\OneDrive\\Documents\\BinIt Project\\binit-project\\backend\\node_modules\\router\\lib\\layer.js:152:17)\n    at trimPrefix (C:\\Users\\aswat\\OneDrive\\Documents\\BinIt Project\\binit-project\\backend\\node_modules\\router\\index.js:342:13)\n    at C:\\Users\\aswat\\OneDrive\\Documents\\BinIt Project\\binit-project\\backend\\node_modules\\router\\index.js:297:9\n    at processParams (C:\\Users\\aswat\\OneDrive\\Documents\\BinIt Project\\binit-project\\backend\\node_modules\\router\\index.js:582:12)\n    at next (C:\\Users\\aswat\\OneDrive\\Documents\\BinIt Project\\binit-project\\backend\\node_modules\\router\\index.js:291:5)\n    at Function.handle (C:\\Users\\aswat\\OneDrive\\Documents\\BinIt Project\\binit-project\\backend\\node_modules\\router\\index.js:186:3)\n    at router (C:\\Users\\aswat\\OneDrive\\Documents\\BinIt Project\\binit-project\\backend\\node_modules\\router\\index.js:60:12)\n    at Layer.handleRequest (C:\\Users\\aswat\\OneDrive\\Documents\\BinIt Project\\binit-project\\backend\\node_modules\\router\\lib\\layer.js:152:17)\n    at trimPrefix (C:\\Users\\aswat\\OneDrive\\Documents\\BinIt Project\\binit-project\\backend\\node_modules\\router\\index.js:342:13)","timestamp":"2026-03-02T07:50:01.369Z"}
{"level":"error","message":"Refresh token is missing","stack":"Error: Refresh token is missing\n    at refreshAccessToken (file:///C:/Users/aswat/OneDrive/Documents/BinIt%20Project/binit-project/backend/src/services/user/auth/tokenService.js:9:15)\n    at refreshAdminTokenController (file:///C:/Users/aswat/OneDrive/Documents/BinIt%20Project/binit-project/backend/src/controllers/admin/adminAuthController.js:20:47)\n    at Layer.handleRequest (C:\\Users\\aswat\\OneDrive\\Documents\\BinIt Project\\binit-project\\backend\\node_modules\\router\\lib\\layer.js:152:17)\n    at next (C:\\Users\\aswat\\OneDrive\\Documents\\BinIt Project\\binit-project\\backend\\node_modules\\router\\lib\\route.js:157:13)\n    at Route.dispatch (C:\\Users\\aswat\\OneDrive\\Documents\\BinIt Project\\binit-project\\backend\\node_modules\\router\\lib\\route.js:117:3)\n    at handle (C:\\Users\\aswat\\OneDrive\\Documents\\BinIt Project\\binit-project\\backend\\node_modules\\router\\index.js:435:11)\n    at Layer.handleRequest (C:\\Users\\aswat\\OneDrive\\Documents\\BinIt Project\\binit-project\\backend\\node_modules\\router\\lib\\layer.js:152:17)\n    at C:\\Users\\aswat\\OneDrive\\Documents\\BinIt Project\\binit-project\\backend\\node_modules\\router\\index.js:295:15\n    at processParams (C:\\Users\\aswat\\OneDrive\\Documents\\BinIt Project\\binit-project\\backend\\node_modules\\router\\index.js:582:12)\n    at next (C:\\Users\\aswat\\OneDrive\\Documents\\BinIt Project\\binit-project\\backend\\node_modules\\router\\index.js:291:5)","timestamp":"2026-03-02T07:50:01.435Z"}
{"level":"error","message":"Admin access required.","stack":"Error: Admin access required.\n    at verifyAdminToken (file:///C:/Users/aswat/OneDrive/Documents/BinIt%20Project/binit-project/backend/src/middlewares/admin/authenticate-admin.js:12:11)\n    at Layer.handleRequest (C:\\Users\\aswat\\OneDrive\\Documents\\BinIt Project\\binit-project\\backend\\node_modules\\router\\lib\\layer.js:152:17)\n    at trimPrefix (C:\\Users\\aswat\\OneDrive\\Documents\\BinIt Project\\binit-project\\backend\\node_modules\\router\\index.js:342:13)\n    at C:\\Users\\aswat\\OneDrive\\Documents\\BinIt Project\\binit-project\\backend\\node_modules\\router\\index.js:297:9\n    at processParams (C:\\Users\\aswat\\OneDrive\\Documents\\BinIt Project\\binit-project\\backend\\node_modules\\router\\index.js:582:12)\n    at next (C:\\Users\\aswat\\OneDrive\\Documents\\BinIt Project\\binit-project\\backend\\node_modules\\router\\index.js:291:5)\n    at Function.handle (C:\\Users\\aswat\\OneDrive\\Documents\\BinIt Project\\binit-project\\backend\\node_modules\\router\\index.js:186:3)\n    at router (C:\\Users\\aswat\\OneDrive\\Documents\\BinIt Project\\binit-project\\backend\\node_modules\\router\\index.js:60:12)\n    at Layer.handleRequest (C:\\Users\\aswat\\OneDrive\\Documents\\BinIt Project\\binit-project\\backend\\node_modules\\router\\lib\\layer.js:152:17)\n    at trimPrefix (C:\\Users\\aswat\\OneDrive\\Documents\\BinIt Project\\binit-project\\backend\\node_modules\\router\\index.js:342:13)","timestamp":"2026-03-02T07:50:15.402Z"}
{"level":"error","message":"Refresh token is missing","stack":"Error: Refresh token is missing\n    at refreshAccessToken (file:///C:/Users/aswat/OneDrive/Documents/BinIt%20Project/binit-project/backend/src/services/user/auth/tokenService.js:9:15)\n    at refreshAdminTokenController (file:///C:/Users/aswat/OneDrive/Documents/BinIt%20Project/binit-project/backend/src/controllers/admin/adminAuthController.js:20:47)\n    at Layer.handleRequest (C:\\Users\\aswat\\OneDrive\\Documents\\BinIt Project\\binit-project\\backend\\node_modules\\router\\lib\\layer.js:152:17)\n    at next (C:\\Users\\aswat\\OneDrive\\Documents\\BinIt Project\\binit-project\\backend\\node_modules\\router\\lib\\route.js:157:13)\n    at Route.dispatch (C:\\Users\\aswat\\OneDrive\\Documents\\BinIt Project\\binit-project\\backend\\node_modules\\router\\lib\\route.js:117:3)\n    at handle (C:\\Users\\aswat\\OneDrive\\Documents\\BinIt Project\\binit-project\\backend\\node_modules\\router\\index.js:435:11)\n    at Layer.handleRequest (C:\\Users\\aswat\\OneDrive\\Documents\\BinIt Project\\binit-project\\backend\\node_modules\\router\\lib\\layer.js:152:17)\n    at C:\\Users\\aswat\\OneDrive\\Documents\\BinIt Project\\binit-project\\backend\\node_modules\\router\\index.js:295:15\n    at processParams (C:\\Users\\aswat\\OneDrive\\Documents\\BinIt Project\\binit-project\\backend\\node_modules\\router\\index.js:582:12)\n    at next (C:\\Users\\aswat\\OneDrive\\Documents\\BinIt Project\\binit-project\\backend\\node_modules\\router\\index.js:291:5)","timestamp":"2026-03-02T07:50:15.437Z"}
{"level":"error","message":"Admin access required.","stack":"Error: Admin access required.\n    at verifyAdminToken (file:///C:/Users/aswat/OneDrive/Documents/BinIt%20Project/binit-project/backend/src/middlewares/admin/authenticate-admin.js:12:11)\n    at Layer.handleRequest (C:\\Users\\aswat\\OneDrive\\Documents\\BinIt Project\\binit-project\\backend\\node_modules\\router\\lib\\layer.js:152:17)\n    at trimPrefix (C:\\Users\\aswat\\OneDrive\\Documents\\BinIt Project\\binit-project\\backend\\node_modules\\router\\index.js:342:13)\n    at C:\\Users\\aswat\\OneDrive\\Documents\\BinIt Project\\binit-project\\backend\\node_modules\\router\\index.js:297:9\n    at processParams (C:\\Users\\aswat\\OneDrive\\Documents\\BinIt Project\\binit-project\\backend\\node_modules\\router\\index.js:582:12)\n    at next (C:\\Users\\aswat\\OneDrive\\Documents\\BinIt Project\\binit-project\\backend\\node_modules\\router\\index.js:291:5)\n    at Function.handle (C:\\Users\\aswat\\OneDrive\\Documents\\BinIt Project\\binit-project\\backend\\node_modules\\router\\index.js:186:3)\n    at router (C:\\Users\\aswat\\OneDrive\\Documents\\BinIt Project\\binit-project\\backend\\node_modules\\router\\index.js:60:12)\n    at Layer.handleRequest (C:\\Users\\aswat\\OneDrive\\Documents\\BinIt Project\\binit-project\\backend\\node_modules\\router\\lib\\layer.js:152:17)\n    at trimPrefix (C:\\Users\\aswat\\OneDrive\\Documents\\BinIt Project\\binit-project\\backend\\node_modules\\router\\index.js:342:13)","timestamp":"2026-03-02T07:50:59.637Z"}
{"level":"error","message":"Refresh token is missing","stack":"Error: Refresh token is missing\n    at refreshAccessToken (file:///C:/Users/aswat/OneDrive/Documents/BinIt%20Project/binit-project/backend/src/services/user/auth/tokenService.js:9:15)\n    at refreshAdminTokenController (file:///C:/Users/aswat/OneDrive/Documents/BinIt%20Project/binit-project/backend/src/controllers/admin/adminAuthController.js:20:47)\n    at Layer.handleRequest (C:\\Users\\aswat\\OneDrive\\Documents\\BinIt Project\\binit-project\\backend\\node_modules\\router\\lib\\layer.js:152:17)\n    at next (C:\\Users\\aswat\\OneDrive\\Documents\\BinIt Project\\binit-project\\backend\\node_modules\\router\\lib\\route.js:157:13)\n    at Route.dispatch (C:\\Users\\aswat\\OneDrive\\Documents\\BinIt Project\\binit-project\\backend\\node_modules\\router\\lib\\route.js:117:3)\n    at handle (C:\\Users\\aswat\\OneDrive\\Documents\\BinIt Project\\binit-project\\backend\\node_modules\\router\\index.js:435:11)\n    at Layer.handleRequest (C:\\Users\\aswat\\OneDrive\\Documents\\BinIt Project\\binit-project\\backend\\node_modules\\router\\lib\\layer.js:152:17)\n    at C:\\Users\\aswat\\OneDrive\\Documents\\BinIt Project\\binit-project\\backend\\node_modules\\router\\index.js:295:15\n    at processParams (C:\\Users\\aswat\\OneDrive\\Documents\\BinIt Project\\binit-project\\backend\\node_modules\\router\\index.js:582:12)\n    at next (C:\\Users\\aswat\\OneDrive\\Documents\\BinIt Project\\binit-project\\backend\\node_modules\\router\\index.js:291:5)","timestamp":"2026-03-02T07:50:59.711Z"}
{"level":"error","message":"Admin access required.","stack":"Error: Admin access required.\n    at verifyAdminToken (file:///C:/Users/aswat/OneDrive/Documents/BinIt%20Project/binit-project/backend/src/middlewares/admin/authenticate-admin.js:12:11)\n    at Layer.handleRequest (C:\\Users\\aswat\\OneDrive\\Documents\\BinIt Project\\binit-project\\backend\\node_modules\\router\\lib\\layer.js:152:17)\n    at trimPrefix (C:\\Users\\aswat\\OneDrive\\Documents\\BinIt Project\\binit-project\\backend\\node_modules\\router\\index.js:342:13)\n    at C:\\Users\\aswat\\OneDrive\\Documents\\BinIt Project\\binit-project\\backend\\node_modules\\router\\index.js:297:9\n    at processParams (C:\\Users\\aswat\\OneDrive\\Documents\\BinIt Project\\binit-project\\backend\\node_modules\\router\\index.js:582:12)\n    at next (C:\\Users\\aswat\\OneDrive\\Documents\\BinIt Project\\binit-project\\backend\\node_modules\\router\\index.js:291:5)\n    at Function.handle (C:\\Users\\aswat\\OneDrive\\Documents\\BinIt Project\\binit-project\\backend\\node_modules\\router\\index.js:186:3)\n    at router (C:\\Users\\aswat\\OneDrive\\Documents\\BinIt Project\\binit-project\\backend\\node_modules\\router\\index.js:60:12)\n    at Layer.handleRequest (C:\\Users\\aswat\\OneDrive\\Documents\\BinIt Project\\binit-project\\backend\\node_modules\\router\\lib\\layer.js:152:17)\n    at trimPrefix (C:\\Users\\aswat\\OneDrive\\Documents\\BinIt Project\\binit-project\\backend\\node_modules\\router\\index.js:342:13)","timestamp":"2026-03-02T07:51:41.133Z"}
{"level":"error","message":"Refresh token is missing","stack":"Error: Refresh token is missing\n    at refreshAccessToken (file:///C:/Users/aswat/OneDrive/Documents/BinIt%20Project/binit-project/backend/src/services/user/auth/tokenService.js:9:15)\n    at refreshAdminTokenController (file:///C:/Users/aswat/OneDrive/Documents/BinIt%20Project/binit-project/backend/src/controllers/admin/adminAuthController.js:20:47)\n    at Layer.handleRequest (C:\\Users\\aswat\\OneDrive\\Documents\\BinIt Project\\binit-project\\backend\\node_modules\\router\\lib\\layer.js:152:17)\n    at next (C:\\Users\\aswat\\OneDrive\\Documents\\BinIt Project\\binit-project\\backend\\node_modules\\router\\lib\\route.js:157:13)\n    at Route.dispatch (C:\\Users\\aswat\\OneDrive\\Documents\\BinIt Project\\binit-project\\backend\\node_modules\\router\\lib\\route.js:117:3)\n    at handle (C:\\Users\\aswat\\OneDrive\\Documents\\BinIt Project\\binit-project\\backend\\node_modules\\router\\index.js:435:11)\n    at Layer.handleRequest (C:\\Users\\aswat\\OneDrive\\Documents\\BinIt Project\\binit-project\\backend\\node_modules\\router\\lib\\layer.js:152:17)\n    at C:\\Users\\aswat\\OneDrive\\Documents\\BinIt Project\\binit-project\\backend\\node_modules\\router\\index.js:295:15\n    at processParams (C:\\Users\\aswat\\OneDrive\\Documents\\BinIt Project\\binit-project\\backend\\node_modules\\router\\index.js:582:12)\n    at next (C:\\Users\\aswat\\OneDrive\\Documents\\BinIt Project\\binit-project\\backend\\node_modules\\router\\index.js:291:5)","timestamp":"2026-03-02T07:51:41.152Z"}
{"level":"info","message":"Request received: Get orders for user 696720b35154ca2a0276d1ea","timestamp":"2026-03-02T07:54:57.627Z"}
{"level":"info","message":"Fetched 0 orders for user 696720b35154ca2a0276d1ea","timestamp":"2026-03-02T07:54:57.895Z"}
